datetime,open,high,low,close,volume,opeinterest
2013/10/21 0:00,976,977,960,969,95432,68130
2013/10/22 0:00,963,966,948,948,91296,76004
2013/10/23 0:00,949,953,936,939,116490,81162
2013/10/24 0:00,938,939,916,926,169028,87872
2013/10/25 0:00,928,936,917,918,104060,86472
2013/10/28 0:00,920,928,917,923,83790,93480
2013/10/29 0:00,924,925,913,921,105876,99058
2013/10/30 0:00,919,930,916,924,118272,91262
2013/10/31 0:00,925,927,920,922,74672,84820
2013/11/1 0:00,921,954,921,942,321242,107582
2013/11/4 0:00,943,957,942,950,175080,122298
2013/11/5 0:00,948,954,943,946,108384,121942
2013/11/6 0:00,949,951,942,944,69362,123650
2013/11/7 0:00,945,947,939,945,91676,124958
2013/11/8 0:00,947,948,936,939,66340,120532
2013/11/11 0:00,940,944,934,942,57564,112342
2013/11/12 0:00,940,944,936,943,45594,107938
2013/11/13 0:00,941,952,940,943,96484,110812
2013/11/14 0:00,940,944,937,937,55752,103446
2013/11/15 0:00,939,942,930,931,76014,102752
2013/11/18 0:00,931,935,925,932,52704,99378
2013/11/19 0:00,931,943,930,943,60164,106904
2013/11/20 0:00,943,946,940,942,43452,104228
2013/11/21 0:00,942,943,932,932,41322,105090
2013/11/22 0:00,934,935,929,931,52592,106092
2013/11/25 0:00,933,936,928,933,38196,104188
2013/11/26 0:00,934,943,934,941,72650,108162
2013/11/27 0:00,940,942,933,936,30614,106536
2013/11/28 0:00,933,940,933,939,27220,105728
2013/11/29 0:00,939,945,939,939,33364,106418
2013/12/2 0:00,940,941,934,936,41520,108744
2013/12/3 0:00,938,941,936,939,35426,105336
2013/12/4 0:00,942,955,941,952,94420,114382
2013/12/5 0:00,953,956,944,945,52990,114538
2013/12/6 0:00,944,945,938,941,40044,108430
2013/12/9 0:00,941,946,940,945,19390,112378
2013/12/10 0:00,946,947,942,942,16900,109726
2013/12/11 0:00,942,942,934,937,38984,108132
2013/12/12 0:00,936,938,930,930,35494,108944
2013/12/13 0:00,927,927,905,914,91394,116740
2013/12/16 0:00,913,923,912,918,39670,121312
2013/12/17 0:00,918,920,908,910,24582,124712
2013/12/18 0:00,908,913,902,906,71224,128188
2013/12/19 0:00,909,913,907,908,30298,128266
2013/12/20 0:00,909,913,901,905,34754,127190
2013/12/23 0:00,904,905,885,893,128512,135724
2013/12/24 0:00,892,907,892,900,95624,121156
2013/12/25 0:00,903,904,898,903,48792,114208
2013/12/26 0:00,903,904,885,896,84590,124116
2013/12/27 0:00,898,910,896,907,87282,107922
2013/12/30 0:00,908,920,908,911,85206,104050
2013/12/31 0:00,908,914,899,911,72580,98646
2014/1/2 0:00,912,912,899,907,56510,107880
2014/1/3 0:00,904,905,887,902,132754,122358
2014/1/6 0:00,900,900,888,893,108602,142642
2014/1/7 0:00,892,899,887,896,86452,149034
2014/1/8 0:00,895,897,884,892,101252,157264
2014/1/9 0:00,891,899,884,888,102048,161606
2014/1/10 0:00,885,886,870,881,180252,163378
2014/1/13 0:00,879,880,868,871,108274,178106
2014/1/14 0:00,875,881,866,880,94136,178102
2014/1/15 0:00,880,882,875,879,68854,184704
2014/1/16 0:00,880,885,875,879,66036,186510
2014/1/17 0:00,876,878,870,876,84072,184412
2014/1/20 0:00,872,876,859,861,95418,195022
2014/1/21 0:00,860,861,843,847,124490,208510
2014/1/22 0:00,850,858,845,852,76044,208986
2014/1/23 0:00,857,885,855,878,217640,194104
2014/1/24 0:00,877,880,871,877,103512,176300
2014/1/27 0:00,871,874,861,864,79904,184670
2014/1/28 0:00,863,867,857,857,63410,184348
2014/1/29 0:00,857,868,856,866,52374,183982
2014/1/30 0:00,864,871,860,868,37122,181866
2014/2/7 0:00,865,868,853,856,85620,168784
2014/2/10 0:00,856,859,846,854,97430,174428
2014/2/11 0:00,852,857,845,848,71852,179890
2014/2/12 0:00,849,855,844,853,71244,178688
2014/2/13 0:00,853,858,850,854,63372,175878
2014/2/14 0:00,854,865,854,861,79268,177852
2014/2/17 0:00,862,874,862,873,139234,160886
2014/2/18 0:00,876,878,860,860,88882,156626
2014/2/19 0:00,863,867,860,864,53826,158376
2014/2/20 0:00,862,864,852,852,62660,157148
2014/2/21 0:00,852,854,846,851,59210,156434
2014/2/24 0:00,846,846,817,821,174568,169866
2014/2/25 0:00,823,827,812,817,106396,174898
2014/2/26 0:00,816,821,811,820,128024,178426
2014/2/27 0:00,817,826,816,824,87644,172268
2014/2/28 0:00,825,828,811,817,117188,165448
2014/3/3 0:00,808,811,795,799,73760,201976
2014/3/4 0:00,800,802,791,801,97790,216182
2014/3/5 0:00,803,807,788,802,216938,235588
2014/3/6 0:00,803,804,785,787,181182,266448
2014/3/7 0:00,788,788,764,764,169172,301544
2014/3/10 0:00,741,741,728,728,183578,296812
2014/3/11 0:00,720,752,707,740,531682,305028
2014/3/12 0:00,713,742,705,737,828368,401538
2014/3/13 0:00,741,752,728,749,692768,498186
2014/3/14 0:00,749,750,721,740,829438,527610
2014/3/17 0:00,744,748,728,729,672320,516402
2014/3/18 0:00,729,738,722,732,822796,557604
2014/3/19 0:00,736,738,729,732,458340,558712
2014/3/20 0:00,742,762,733,733,1041720,546564
2014/3/21 0:00,736,743,729,733,899396,545010
2014/3/24 0:00,730,745,714,744,1326832,592542
2014/3/25 0:00,744,759,738,759,1016092,551710
2014/3/26 0:00,763,764,749,758,645576,498300
2014/3/27 0:00,754,770,752,757,759536,494038
2014/3/28 0:00,758,784,757,781,774912,481464
2014/3/31 0:00,781,799,778,794,1017030,476690
2014/4/1 0:00,796,802,787,800,763714,503040
2014/4/2 0:00,801,803,777,784,930550,524730
2014/4/3 0:00,783,800,778,799,1216750,538798
2014/4/4 0:00,802,810,795,808,668208,509074
2014/4/8 0:00,809,833,808,825,811738,531050
2014/4/9 0:00,826,831,816,819,716666,543934
2014/4/10 0:00,822,828,812,816,676064,552898
2014/4/11 0:00,816,817,809,814,472292,541278
2014/4/14 0:00,812,819,795,803,811304,551342
2014/4/15 0:00,803,812,796,812,635542,536824
2014/4/16 0:00,812,812,792,797,673240,511688
2014/4/17 0:00,799,802,794,795,398184,473962
2014/4/18 0:00,794,795,774,781,1091198,460442
2014/4/21 0:00,782,788,776,781,471016,472568
2014/4/22 0:00,778,782,768,779,593456,473366
2014/4/23 0:00,780,787,768,786,493962,464386
2014/4/24 0:00,788,802,783,794,651388,495502
2014/4/25 0:00,797,801,792,795,399750,471276
2014/4/28 0:00,787,788,757,760,947734,493046
2014/4/29 0:00,759,774,759,771,624706,509530
2014/4/30 0:00,768,771,755,765,628926,496962
2014/5/5 0:00,759,772,755,771,434248,521854
2014/5/6 0:00,771,775,765,768,410668,518038
2014/5/7 0:00,767,769,748,749,728944,513436
2014/5/8 0:00,748,751,735,735,729292,520264
2014/5/9 0:00,739,741,732,735,444996,526686
2014/5/12 0:00,734,742,726,741,850618,570246
2014/5/13 0:00,741,749,737,740,597730,555140
2014/5/14 0:00,739,744,734,738,488750,569716
2014/5/15 0:00,740,744,735,738,529840,535308
2014/5/16 0:00,736,737,712,717,979972,522544
2014/5/19 0:00,713,715,703,707,1071996,563108
2014/5/20 0:00,705,709,695,700,808166,554328
2014/5/21 0:00,703,712,699,708,679674,554550
2014/5/22 0:00,711,725,710,714,823036,568110
2014/5/23 0:00,716,720,705,707,629728,560460
2014/5/26 0:00,706,729,705,722,1082902,506536
2014/5/27 0:00,722,725,716,724,440688,483206
2014/5/28 0:00,721,722,702,707,756804,536916
2014/5/29 0:00,706,710,698,702,807988,579892
2014/5/30 0:00,698,698,677,680,943828,652828
2014/6/3 0:00,685,686,675,682,595416,657052
2014/6/4 0:00,682,692,681,691,623462,630594
2014/6/5 0:00,693,695,681,688,811720,654030
2014/6/6 0:00,688,693,684,689,726978,635192
2014/6/9 0:00,688,693,686,690,534886,632086
2014/6/10 0:00,691,692,680,686,608216,630986
2014/6/11 0:00,684,687,680,682,486336,633532
2014/6/12 0:00,679,680,666,666,727182,661156
2014/6/13 0:00,661,670,659,667,731950,638650
2014/6/16 0:00,664,666,658,661,623432,609992
2014/6/17 0:00,656,670,656,667,600302,579928
2014/6/18 0:00,667,672,664,665,475240,553488
2014/6/19 0:00,666,670,662,663,603026,543408
2014/6/20 0:00,665,683,662,677,1075138,547032
2014/6/23 0:00,681,699,681,691,958484,484514
2014/6/24 0:00,689,689,681,683,415800,469202
2014/6/25 0:00,684,696,684,693,624614,448792
2014/6/26 0:00,695,718,695,717,1253270,476832
2014/6/27 0:00,715,719,707,707,686392,380574
2014/6/30 0:00,704,705,692,694,628336,346806
2014/7/1 0:00,697,702,691,701,635284,377790
2014/7/2 0:00,703,719,697,716,1141830,381590
2014/7/3 0:00,721,724,710,712,750210,358240
2014/7/4 0:00,714,717,709,711,639514,341392
2014/7/7 0:00,710,714,694,707,1011296,355538
2014/7/8 0:00,707,722,698,720,1208764,469864
2014/7/9 0:00,719,720,701,702,893376,407270
2014/7/10 0:00,704,715,702,705,841710,398834
2014/7/11 0:00,708,713,703,712,773636,383842
2014/7/14 0:00,714,720,711,714,627666,394906
2014/7/15 0:00,718,725,714,716,628630,407520
2014/7/16 0:00,718,722,715,717,481620,411946
2014/7/17 0:00,714,717,708,710,421160,390038
2014/7/18 0:00,706,706,684,684,773164,377362
2014/7/21 0:00,684,691,683,686,391918,356196
2014/7/22 0:00,688,696,685,686,233006,306790
2014/7/23 0:00,670,674,666,671,451764,394900
2014/7/24 0:00,668,670,662,663,569438,427432
2014/7/25 0:00,664,674,663,669,612762,399964
2014/7/28 0:00,672,685,670,681,682386,374176
2014/7/29 0:00,687,690,682,684,439936,400418
2014/7/30 0:00,681,683,674,676,516366,407804
2014/7/31 0:00,679,683,675,680,450580,398616
2014/8/1 0:00,678,680,670,672,644806,414626
2014/8/4 0:00,672,686,669,685,692748,435730
2014/8/5 0:00,685,692,681,684,741198,413848
2014/8/6 0:00,682,685,678,679,638764,459766
2014/8/7 0:00,680,687,677,678,601422,438402
2014/8/8 0:00,677,680,669,675,665398,462780
2014/8/11 0:00,674,678,670,671,552190,462146
2014/8/12 0:00,668,669,664,667,472050,451504
2014/8/13 0:00,666,672,660,662,819828,543022
2014/8/14 0:00,660,662,651,653,729252,599228
2014/8/15 0:00,653,666,653,666,622620,549294
2014/8/18 0:00,667,667,650,650,877640,701446
2014/8/19 0:00,650,657,649,654,481694,712306
2014/8/20 0:00,652,657,645,646,619208,748912
2014/8/21 0:00,647,650,644,647,414306,736632
2014/8/22 0:00,646,651,641,643,519844,741054
2014/8/25 0:00,642,647,639,645,588780,699880
2014/8/26 0:00,648,650,642,648,388012,689776
2014/8/27 0:00,649,649,636,637,632090,739052
2014/8/28 0:00,636,640,619,626,1242452,714118
2014/8/29 0:00,626,632,624,628,680238,691606
2014/9/1 0:00,627,628,618,620,745550,787794
2014/9/2 0:00,620,633,618,628,1001174,779984
2014/9/3 0:00,626,626,603,605,1220966,815656
2014/9/4 0:00,605,609,594,594,1017648,769748
2014/9/5 0:00,595,597,584,585,1014828,892938
2014/9/9 0:00,590,595,584,585,598668,853196
2014/9/10 0:00,583,595,570,590,1182528,826120
2014/9/11 0:00,587,591,579,585,767228,824582
2014/9/12 0:00,587,593,585,591,582274,786330
2014/9/15 0:00,600,605,589,598,1115106,855840
2014/9/16 0:00,600,604,590,598,935218,831824
2014/9/17 0:00,602,605,592,598,842934,862418
2014/9/18 0:00,597,597,591,592,522916,861956
2014/9/19 0:00,588,588,573,576,799928,925664
2014/9/22 0:00,571,572,556,556,1086128,961134
2014/9/23 0:00,554,564,552,560,1112420,934856
2014/9/24 0:00,558,567,556,562,636604,942942
2014/9/25 0:00,562,564,549,552,1246084,984964
2014/9/26 0:00,549,566,548,562,1217898,843756
2014/9/29 0:00,559,563,537,542,1148582,865600
2014/9/30 0:00,543,553,543,551,519970,807324
2014/10/8 0:00,559,569,544,547,507592,866316
2014/10/9 0:00,548,564,548,563,924262,947776
2014/10/10 0:00,560,571,552,568,924488,955300
2014/10/13 0:00,574,584,574,584,691070,874688
2014/10/14 0:00,586,591,582,589,838362,864674
2014/10/15 0:00,590,591,579,580,1101970,892370
2014/10/16 0:00,574,574,561,565,1136688,838162
2014/10/17 0:00,567,572,564,568,717298,845962
2014/10/20 0:00,570,582,570,580,883974,836520
2014/10/21 0:00,577,585,574,575,755614,802580
2014/10/22 0:00,579,580,573,574,751288,757536
2014/10/23 0:00,533,533,518,529,1055322,914490
2014/10/24 0:00,527,533,523,530,749816,915670
2014/10/27 0:00,530,532,524,526,700218,954060
2014/10/28 0:00,526,526,519,522,510656,994476
2014/10/29 0:00,523,529,521,528,586038,973494
2014/10/30 0:00,529,543,527,536,1161086,975132
2014/10/31 0:00,534,537,530,532,712266,972186
2014/11/3 0:00,529,532,521,522,822846,954908
2014/11/4 0:00,517,525,514,520,973856,942434
2014/11/5 0:00,519,525,509,510,1003070,1034548
2014/11/6 0:00,511,513,503,506,829066,1102148
2014/11/7 0:00,507,514,506,512,1004596,1071580
2014/11/10 0:00,512,518,511,514,880060,1088188
2014/11/11 0:00,512,513,507,510,659672,1098004
2014/11/12 0:00,513,515,507,508,647422,1146632
2014/11/13 0:00,507,509,504,507,661740,1159994
2014/11/14 0:00,505,509,503,507,454258,1114614
2014/11/17 0:00,509,511,505,507,584728,1114718
2014/11/18 0:00,504,505,487,487,1149802,1179900
2014/11/19 0:00,485,485,469,473,1175832,1171790
2014/11/20 0:00,475,479,473,476,518726,1099620
2014/11/21 0:00,473,477,466,476,1117824,1136116
2014/11/24 0:00,480,482,470,470,906694,1180938
2014/11/25 0:00,468,468,459,466,1152218,1157834
2014/11/26 0:00,463,469,458,467,1436432,1082322
2014/11/27 0:00,469,481,468,481,1313542,1072220
2014/11/28 0:00,480,491,479,485,1441474,986260
2014/12/1 0:00,478,483,470,480,1308000,981776
2014/12/2 0:00,489,491,472,475,1215058,1026778
2014/12/3 0:00,474,484,471,482,1093966,985032
2014/12/4 0:00,481,496,481,494,1787896,1014090
2014/12/5 0:00,494,494,485,491,1193614,999038
2014/12/8 0:00,490,497,479,481,1379928,1042528
2014/12/9 0:00,480,489,471,488,1652654,980668
2014/12/10 0:00,485,488,475,483,1159188,977626
2014/12/11 0:00,480,491,479,480,1145752,951532
2014/12/12 0:00,480,490,479,490,857742,950426
2014/12/15 0:00,489,492,483,485,762334,919458
2014/12/16 0:00,480,481,474,479,776076,910660
2014/12/17 0:00,478,488,476,485,975036,845290
2014/12/18 0:00,488,490,485,487,707642,785058
2014/12/19 0:00,490,494,488,492,521434,760534
2014/12/22 0:00,490,491,483,485,591982,734704
2014/12/23 0:00,482,482,471,473,733414,744942
2014/12/24 0:00,473,478,470,477,617724,714100
2014/12/25 0:00,477,480,473,476,357642,703290
2014/12/26 0:00,476,479,473,474,281316,696890
2014/12/29 0:00,475,486,473,485,598270,699852
2014/12/30 0:00,485,499,485,499,542088,746348
2014/12/31 0:00,511,516,503,509,1003734,695452
2015/1/5 0:00,505,506,497,500,566526,656330
2015/1/6 0:00,498,520,496,520,1075512,703550
2015/1/7 0:00,520,521,506,513,871980,689604
2015/1/8 0:00,514,517,507,512,595934,687766
2015/1/9 0:00,514,514,507,510,855016,656326
2015/1/12 0:00,508,519,498,499,1068026,608478
2015/1/13 0:00,498,504,495,501,525934,586712
2015/1/14 0:00,498,504,491,497,822772,565944
2015/1/15 0:00,498,509,495,507,674868,582836
2015/1/16 0:00,507,513,503,506,604532,565718
2015/1/19 0:00,505,511,497,508,780178,522774
2015/1/20 0:00,507,509,501,502,372384,514908
2015/1/21 0:00,502,504,485,486,785208,495572
2015/1/22 0:00,486,493,484,487,677688,469984
2015/1/23 0:00,486,489,474,476,791652,486778
2015/1/26 0:00,475,477,466,470,884068,456136
2015/1/27 0:00,469,474,467,470,356604,452852
2015/1/28 0:00,472,474,466,471,317326,464638
2015/1/29 0:00,471,478,471,476,430640,428572
2015/1/30 0:00,476,478,472,474,242134,428730
2015/2/2 0:00,475,477,471,472,270906,440416
2015/2/3 0:00,472,482,472,478,523782,474090
2015/2/4 0:00,479,486,469,470,829790,535774
2015/2/5 0:00,473,478,470,474,595550,503824
2015/2/6 0:00,474,480,473,478,361346,468164
2015/2/9 0:00,478,480,473,476,295178,470298
2015/2/10 0:00,477,480,476,480,94150,459940
2015/2/11 0:00,482,483,477,481,177298,448398
2015/2/12 0:00,480,481,476,479,149622,425228
2015/2/13 0:00,480,493,479,489,445164,419958
2015/2/16 0:00,488,499,487,497,303788,383596
2015/2/17 0:00,497,498,488,493,169394,371322
2015/2/25 0:00,490,490,478,479,528092,352842
2015/2/26 0:00,480,490,479,489,360636,340010
2015/2/27 0:00,490,492,483,485,469618,373430
2015/3/2 0:00,485,486,477,483,609414,368712
2015/3/3 0:00,483,486,480,485,238506,360918
2015/3/4 0:00,484,485,476,477,288990,353058
2015/3/5 0:00,476,476,460,460,613924,385536
2015/3/6 0:00,460,464,452,456,389302,336726
2015/3/9 0:00,447,460,445,454,638222,375878
2015/3/10 0:00,454,455,449,449,223680,383146
2015/3/11 0:00,449,454,446,453,358814,390014
2015/3/12 0:00,453,460,450,458,474172,372206
2015/3/13 0:00,458,465,453,454,479648,408062
2015/3/16 0:00,453,458,450,457,393104,436998
2015/3/17 0:00,457,458,453,453,222194,446078
2015/3/18 0:00,452,453,437,437,1082654,592452
2015/3/19 0:00,435,443,434,437,671748,657636
2015/3/20 0:00,437,442,429,430,670370,693050
2015/3/23 0:00,430,437,427,435,1521188,792796
2015/3/24 0:00,437,445,435,440,1171284,837902
2015/3/25 0:00,442,443,431,432,756960,867088
2015/3/26 0:00,431,437,426,428,1216974,903528
2015/3/27 0:00,428,430,414,422,1581210,794158
2015/3/30 0:00,422,424,408,409,1272198,829784
2015/3/31 0:00,408,412,400,401,1016594,809444
2015/4/1 0:00,400,402,390,391,1350728,848630
2015/4/2 0:00,388,389,380,380,1378874,882900
2015/4/3 0:00,375,389,370,380,1874760,810424
2015/4/7 0:00,380,389,379,387,911346,863280
2015/4/8 0:00,388,394,377,392,1601356,913570
2015/4/9 0:00,390,393,377,378,1353422,980418
2015/4/10 0:00,379,380,368,370,1393268,973828
2015/4/13 0:00,372,387,370,387,2004922,1092064
2015/4/14 0:00,392,400,388,396,1672266,1079750
2015/4/15 0:00,399,401,386,387,1200246,1080534
2015/4/16 0:00,387,400,387,395,988624,1088792
2015/4/17 0:00,396,401,391,394,1165224,1066620
2015/4/20 0:00,393,397,386,387,1446268,1037652
2015/4/21 0:00,386.5,389.5,378,387.5,1426150,1071094
2015/4/22 0:00,388.5,399,385.5,399,1303320,1106300
2015/4/23 0:00,403,406,394.5,399,1756500,995524
2015/4/24 0:00,403,417.5,402.5,417.5,2382906,1079350
2015/4/27 0:00,420.5,436.5,419.5,434,2910048,1013348
2015/4/28 0:00,433,436.5,422.5,427,2226432,1089452
2015/4/29 0:00,427,429,412.5,412.5,1825966,1127070
2015/4/30 0:00,409,419.5,406.5,413.5,2298298,1003712
2015/5/4 0:00,416.5,427.5,410,425,1425516,1016364
2015/5/5 0:00,427,436,424,433.5,2464442,1098832
2015/5/6 0:00,435,447.5,433,445.5,2810016,1113796
2015/5/7 0:00,444,447,431,434.5,2486188,1085646
2015/5/8 0:00,435,444,428.5,437,3328204,1063482
2015/5/11 0:00,439,447,436.5,442,2716150,1117508
2015/5/12 0:00,442,446,434,437,2464132,1125914
2015/5/13 0:00,439,441.5,428.5,429,2347606,1128750
2015/5/14 0:00,430,431.5,419,422,2890388,1080550
2015/5/15 0:00,423,428,415.5,428,2664976,1135336
2015/5/18 0:00,427,430,423,423,1495404,1163034
2015/5/19 0:00,422,424.5,416,417,1627368,1144314
2015/5/20 0:00,416,417,410.5,415,1923348,1088134
2015/5/21 0:00,417.5,426,415,423.5,2110018,1141490
2015/5/22 0:00,424,424.5,414.5,423.5,1915480,1100970
2015/5/25 0:00,423,430.5,418,430,2068868,1169714
2015/5/26 0:00,431,440,429.5,433,2931122,1184194
2015/5/27 0:00,433,439,430,432.5,1850912,1174264
2015/5/28 0:00,432.5,436,427.5,430,1911838,1129348
2015/5/29 0:00,428,433,421,432,2420016,1030894
2015/6/1 0:00,431.5,442,430.5,441.5,2186634,1129274
2015/6/2 0:00,442.5,445.5,436,441.5,2101888,1099588
2015/6/3 0:00,442,443.5,434,434.5,1735208,1039440
2015/6/4 0:00,434.5,441.5,432.5,441,1846282,1027566
2015/6/5 0:00,441.5,442.5,433.5,437,1478716,990858
2015/6/8 0:00,438,438,431.5,434,856054,976962
2015/6/9 0:00,433,440.5,431,433.5,1411066,1000094
2015/6/10 0:00,434.5,451,434,450.5,2267846,1296222
2015/6/11 0:00,452,458.5,448,455,2707782,1500362
2015/6/12 0:00,454,455,446,447,2341010,1418606
2015/6/15 0:00,447,452.5,446,449.5,1385268,1431436
2015/6/16 0:00,448.5,449,437,437.5,1980958,1320388
2015/6/17 0:00,437.5,438.5,425,425,2522196,1355168
2015/6/18 0:00,425.5,433,423.5,428.5,1677726,1330960
2015/6/19 0:00,429.5,433,427.5,431.5,924180,1287222
2015/6/23 0:00,430.5,432,426,431,614320,1303386
2015/6/24 0:00,432,445.5,431,445,1716146,1477308
2015/6/25 0:00,445,446,436,436,1319852,1454418
2015/6/26 0:00,435.5,439.5,430.5,437,1571112,1405820
2015/6/29 0:00,436.5,437,429,429,1422626,1374344
2015/6/30 0:00,428,428.5,416,416,1708774,1255576
2015/7/1 0:00,416.5,419.5,411.5,413.5,1326972,1249364
2015/7/2 0:00,413,419,409.5,417,1379246,1263572
2015/7/3 0:00,414.5,419,402.5,408,2145704,1268394
2015/7/6 0:00,406.5,407,394.5,394.5,1319242,1269492
2015/7/7 0:00,389,389,376,376,1554520,1145200
2015/7/8 0:00,365,366,349,349,2353956,668174
2015/7/9 0:00,335,380.5,333,367,2930984,655880
2015/7/10 0:00,370,376,362.5,364.5,2790082,726804
2015/7/13 0:00,364.5,372.5,360.5,366,1934080,696408
2015/7/14 0:00,368,376,366.5,369.5,1352164,656878
2015/7/15 0:00,369,374,365.5,368,1052030,652630
2015/7/16 0:00,367.5,370.5,362,366.5,983442,595046
2015/7/17 0:00,365.5,369.5,364.5,369,488242,562926
2015/7/20 0:00,365,381.5,365,381.5,759832,580972
2015/7/21 0:00,384.5,393.5,383.5,388,1033930,540272
2015/7/22 0:00,360,362.5,349.5,349.5,1708870,696712
2015/7/23 0:00,349,355.5,346,352,1381846,689028
2015/7/24 0:00,352,354,346.5,348.5,1822020,765838
2015/7/27 0:00,349,359.5,347.5,353,2305010,816686
2015/7/28 0:00,353,366.5,347,359.5,3013258,833930
2015/7/29 0:00,360,369,360,369,2532848,977384
2015/7/30 0:00,374,374.5,362,364,2668252,903142
2015/7/31 0:00,362.5,371.5,361,367,2272846,947038
2015/8/3 0:00,367.5,376.5,362.5,363,3686158,1046262
2015/8/4 0:00,363,368,361,366.5,2450714,990486
2015/8/5 0:00,367.5,378,367.5,377,3291664,1160120
2015/8/6 0:00,378,378,372,373.5,2302754,1186682
2015/8/7 0:00,373,375,366,371.5,2297452,1186352
2015/8/10 0:00,370,372,366.5,370,1723406,1178772
2015/8/11 0:00,371,383,370,373,2923180,1344758
2015/8/12 0:00,371.5,379,369,377.5,2592050,1346138
2015/8/13 0:00,378.5,388.5,378,387.5,3373838,1466244
2015/8/14 0:00,387,387.5,383,385,1813454,1482020
2015/8/17 0:00,385.5,390,380,381,2171288,1499038
2015/8/18 0:00,381,387,380.5,383.5,1878438,1484070
2015/8/19 0:00,382.5,384,371.5,377.5,2860184,1503534
2015/8/20 0:00,377,379.5,372,376,2214816,1508472
2015/8/21 0:00,377,381.5,374.5,379.5,1671258,1502578
2015/8/24 0:00,379,379.5,362.5,362.5,2420974,1448802
2015/8/25 0:00,359,366,355.5,360.5,3343580,1461056
2015/8/26 0:00,368,374.5,361.5,362.5,2325020,1490350
2015/8/27 0:00,362.5,373,360,373,1920962,1435156
2015/8/28 0:00,373.5,382,371.5,382,1467018,1474290
2015/8/31 0:00,385,394,378.5,389,2737892,1535956
2015/9/1 0:00,387.5,395.5,383.5,388.5,2702830,1643254
2015/9/2 0:00,388,393,385.5,391,1734406,1580584
2015/9/7 0:00,392.5,393.5,382,383.5,1695828,1558044
2015/9/8 0:00,385,389,378.5,388.5,2308300,1592742
2015/9/9 0:00,391,402,388.5,398,4562704,1689914
2015/9/10 0:00,397,414,395.5,410,4700520,1732076
2015/9/11 0:00,409,417,405.5,407.5,3890678,1602472
2015/9/14 0:00,407,411,401,401.5,2757890,1629400
2015/9/15 0:00,400.5,404,391.5,392.5,2723490,1674400
2015/9/16 0:00,393,399,391,397,3257648,1649114
2015/9/17 0:00,397,399,391.5,393.5,3256174,1654816
2015/9/18 0:00,394,396.5,387,388,2336514,1629956
2015/9/21 0:00,387,394,386.5,390.5,2267996,1648002
2015/9/22 0:00,390.5,392,380.5,383.5,2660820,1693976
2015/9/23 0:00,382,383.5,372.5,379,3453260,1686350
2015/9/24 0:00,378.5,380.5,376,378,1417776,1696198
2015/9/25 0:00,376.5,386.5,374.5,382,3184868,1605480
2015/9/28 0:00,381,381.5,366.5,368,2136412,1658648
2015/9/29 0:00,365,370.5,361,367,2314532,1529442
2015/9/30 0:00,368.5,369,364.5,366,970662,1498778
2015/10/8 0:00,371,379,368,373.5,1404532,1589436
2015/10/9 0:00,373.5,392,372.5,391,2463276,1700466
2015/10/12 0:00,391,391.5,377.5,380.5,2844158,1657420
2015/10/13 0:00,379.5,380,371.5,376.5,2213054,1704690
2015/10/14 0:00,376,380.5,374,375,2126390,1748034
2015/10/15 0:00,375.5,378.5,372.5,374.5,1991328,1738100
2015/10/16 0:00,373,374,367,367.5,2650632,1667802
2015/10/19 0:00,368,372.5,367.5,370.5,2219216,1668416
2015/10/20 0:00,369,375.5,369,371.5,2156630,1700344
2015/10/21 0:00,371.5,373.5,364.5,365,2711396,1795384
2015/10/22 0:00,364,370.5,362,367,2070958,1738100
2015/10/23 0:00,367,370,363.5,370,1843098,1704598
2015/10/26 0:00,371,371.5,365,365.5,1820196,1664226
2015/10/27 0:00,365.5,368.5,361.5,366.5,2261900,1645102
2015/10/28 0:00,366.5,367.5,356.5,358,2220834,1683252
2015/10/29 0:00,358,359.5,355,358,2301244,1794434
2015/10/30 0:00,359,364.5,358,362.5,2856246,1771732
2015/11/2 0:00,362.5,364.5,358,359,1940910,1751696
2015/11/3 0:00,358,358.5,345,349,3600156,1737976
2015/11/4 0:00,348.5,352,347,351,2061224,1756308
2015/11/5 0:00,351.5,355,345.5,345.5,2159900,1638408
2015/11/6 0:00,344,349,342.5,347.5,2069494,1423176
2015/11/9 0:00,347,351.5,343,348.5,2141534,1446346
2015/11/10 0:00,349,350.5,346,348,1353044,1429260
2015/11/11 0:00,348,349,345,345,1101646,1373558
2015/11/12 0:00,345,349,344.5,347,1296068,1298606
2015/11/13 0:00,347,353.5,346,350.5,1388348,1249272
2015/11/16 0:00,349.5,354.5,347,348.5,1493632,1147614
2015/11/17 0:00,349.5,349.5,338,339.5,2250434,1021324
2015/11/18 0:00,339,340.5,333,337.5,1506406,994242
2015/11/19 0:00,337,337.5,326.5,331,1968958,934382
2015/11/20 0:00,330,336.5,329,333.5,1543760,889742
2015/11/23 0:00,305.5,307.5,299.5,300,1254446,1030380
2015/11/24 0:00,300.5,304,296.5,301,2282848,1118260
2015/11/25 0:00,300,308,299,306,1914788,1128444
2015/11/26 0:00,305,319,303,307,3152688,1100264
2015/11/27 0:00,307,308,301.5,302.5,1463406,1116010
2015/11/30 0:00,302.5,303.5,292.5,293.5,1985512,1194970
2015/12/1 0:00,293,295,290.5,292.5,1644196,1209948
2015/12/2 0:00,290.5,296.5,288.5,293.5,3243340,1279512
2015/12/3 0:00,292.5,297,289,290,2123990,1312398
2015/12/4 0:00,290,292.5,284,289,2806892,1313442
2015/12/7 0:00,290,295.5,287.5,293.5,2066692,1345876
2015/12/8 0:00,292.5,294,285,286.5,1673568,1311588
2015/12/9 0:00,286,289,285,287,1245446,1381228
2015/12/10 0:00,287.5,289.5,282.5,284,1702570,1419348
2015/12/11 0:00,284.5,287.5,282.5,287,1581380,1386810
2015/12/14 0:00,287.5,293,285,290.5,2379148,1453536
2015/12/15 0:00,290,298,288.5,288.5,3132480,1495414
2015/12/16 0:00,288.5,294,287.5,293.5,1661620,1508444
2015/12/17 0:00,294.5,296.5,292,293,2425448,1503214
2015/12/18 0:00,293,302,292.5,300.5,2535508,1549110
2015/12/21 0:00,301.5,311,300.5,309.5,3889804,1547870
2015/12/22 0:00,309,310.5,303,308,2791060,1612972
2015/12/23 0:00,307,308,301.5,302.5,2135780,1640652
2015/12/24 0:00,303,308,302.5,304,2219448,1658490
2015/12/25 0:00,304,306,303.5,304.5,817564,1608498
2015/12/28 0:00,304.5,310.5,303.5,309,2474344,1642400
2015/12/29 0:00,309.5,316.5,308,316,3167262,1561474
2015/12/30 0:00,316,324.5,315.5,321,3339010,1540646
2015/12/31 0:00,320.5,330.5,319,322,3797834,1456456
2016/1/4 0:00,325.5,327.5,319.5,321.5,3074556,1558020
2016/1/5 0:00,321,326,319,324.5,2595252,1568360
2016/1/6 0:00,324.5,325.5,316,318.5,2896700,1539760
2016/1/7 0:00,317.5,323,317,320,2309246,1558846
2016/1/8 0:00,319,319,310.5,311.5,2696070,1476292
2016/1/11 0:00,311,312.5,305,305.5,2158016,1448216
2016/1/12 0:00,305.5,307,299.5,300.5,1877010,1454950
2016/1/13 0:00,300.5,306,298.5,300.5,1886946,1507986
2016/1/14 0:00,301.5,305,298,305,2347948,1563116
2016/1/15 0:00,305,311,304,306.5,2901278,1612298
2016/1/18 0:00,306.5,321.5,303.5,319,4072852,1558246
2016/1/19 0:00,319,323.5,317,322,2221098,1605896
2016/1/20 0:00,321.5,322.5,313.5,314,2069658,1425680
2016/1/21 0:00,313.5,316.5,311,314,2390498,1425598
2016/1/22 0:00,313,324,312.5,315.5,3815600,1509720
2016/1/25 0:00,316,319.5,312.5,313.5,2580336,1483438
2016/1/26 0:00,312.5,319,310,318,2481576,1524332
2016/1/27 0:00,319,326,318,324.5,3334204,1649402
2016/1/28 0:00,324,326.5,318,318.5,3390130,1610256
2016/1/29 0:00,319,322.5,318,321,2394332,1643326
2016/2/1 0:00,321.5,330,321.5,324.5,3471628,1665216
2016/2/2 0:00,325.5,328,323,325.5,2746908,1592264
2016/2/3 0:00,327,331,324.5,329,2207182,1618274
2016/2/4 0:00,329.5,341,329,340.5,3455524,1566600
2016/2/5 0:00,340.5,341,332.5,335.5,1762468,1335296
2016/2/15 0:00,330,342,330,339.5,1472868,1424286
2016/2/16 0:00,340.5,341.5,337,339,1565680,1552220
2016/2/17 0:00,339.5,343.5,338,339,2353820,1591928
2016/2/18 0:00,340,344.5,337,344,2248624,1706434
2016/2/19 0:00,345,355,343.5,353,3320340,1732626
2016/2/22 0:00,352.5,365.5,351.5,365.5,2522512,1729970
2016/2/23 0:00,369.5,379,364.5,368,4586054,1502256
2016/2/24 0:00,368,374,366.5,372.5,4465316,1633890
2016/2/25 0:00,371.5,376,366.5,369.5,4233326,1643246
2016/2/26 0:00,369.5,370.5,360,364,3996254,1634726
2016/2/29 0:00,364.5,369.5,360.5,369.5,4278676,1629886
2016/3/1 0:00,370.5,382,367,377.5,5929332,1436494
2016/3/2 0:00,378,387,377.5,385.5,4949434,1382918
2016/3/3 0:00,387,390.5,380.5,383.5,3889162,1400864
2016/3/4 0:00,384,397,379.5,396.5,5983866,1444834
2016/3/7 0:00,397.5,407,395,407,2168918,1419456
2016/3/8 0:00,423,423,417,423,2052664,1341538
2016/3/9 0:00,433,437,407.5,424,7526732,1047014
2016/3/10 0:00,425,445.5,425,439,7419534,1174028
2016/3/11 0:00,434,440.5,423,427,5078358,1147334
2016/3/14 0:00,420,454,418,422.5,5460268,1087486
2016/3/15 0:00,419.5,428,410.5,413,4856536,1039788
2016/3/16 0:00,410.5,421,410,419,3321042,1061572
2016/3/17 0:00,420.5,436.5,416,435.5,4432586,1086568
2016/3/18 0:00,435.5,451.5,433.5,449.5,3934660,933232
2016/3/21 0:00,414,431,410,422.5,4910998,1231352
2016/3/22 0:00,424,427.5,413,416.5,4888216,1448306
2016/3/23 0:00,416,423.5,408,411,5445940,1570664
2016/3/24 0:00,410,410.5,390,390,5464724,1482932
2016/3/25 0:00,384.5,394,383.5,392.5,3987468,1436880
2016/3/28 0:00,394,401,377.5,378.5,6138376,1480124
2016/3/29 0:00,380.5,384,371.5,379,5191040,1393050
2016/3/30 0:00,379.5,386.5,373.5,379,5687258,1318524
2016/3/31 0:00,378.5,385,372,380,4514060,1240802
2016/4/1 0:00,381,391,380.5,386.5,4326750,1143210
2016/4/5 0:00,388,389,372,382,3340606,1180076
2016/4/6 0:00,381.5,384.5,368.5,375,3564168,1313716
2016/4/7 0:00,375,382.5,373.5,377.5,3090202,1278100
2016/4/8 0:00,376,379.5,373,377,2850484,1302510
2016/4/11 0:00,377.5,394.5,377,388,4807386,1387090
2016/4/12 0:00,390,409.5,389.5,409.5,5676184,1473448
2016/4/13 0:00,414.5,424.5,412,419,5958176,1450180
2016/4/14 0:00,419.5,432,415,417.5,6065708,1399332
2016/4/15 0:00,416.5,420.5,405,408.5,6679926,1400088
2016/4/18 0:00,407.5,436,403.5,425.5,6102854,1446714
2016/4/19 0:00,426.5,435,423,433.5,6514756,1509810
2016/4/20 0:00,435,454.5,435,454.5,6956864,1282812
2016/4/21 0:00,457,474,448.5,474,6574304,1140156
2016/4/22 0:00,480,493,457.5,473,6521128,1049276
2016/4/25 0:00,468.5,502,460,471,4979666,1082698
2016/4/26 0:00,469,472,450.5,450.5,3324424,1039454
2016/4/27 0:00,455,455,432,434.5,2398386,1003776
2016/4/28 0:00,435,446.5,424,446,2367684,910042
2016/4/29 0:00,448.5,462,446.5,462,1801490,824094
2016/5/3 0:00,462,462,431,442.5,1553820,762278
2016/5/4 0:00,438,444,427,435,1806846,840028
2016/5/5 0:00,436,439,410,412.5,2174048,966264
2016/5/6 0:00,414,419.5,404.5,417.5,2325240,1007746
2016/5/9 0:00,418.5,426.5,388,388,2653924,977240
2016/5/10 0:00,383,390,379.5,385.5,2096148,981470
2016/5/11 0:00,388,393,377,385,2119396,963338
2016/5/12 0:00,387,388.5,372.5,373,1672878,1018774
2016/5/13 0:00,372,375,360.5,363,2070096,1053926
2016/5/16 0:00,363,374,361.5,367.5,1733688,1017220
2016/5/17 0:00,369,388,366,385.5,1748988,1038494
2016/5/18 0:00,384.5,392,368,372,2340962,1036164
2016/5/19 0:00,371,377.5,363.5,367,1790058,1063652
2016/5/20 0:00,364.5,378.5,363,375,1864422,1160884
2016/5/23 0:00,376,377.5,350,353.5,2257890,1142714
2016/5/24 0:00,353,354,344.5,350.5,1443328,1210206
2016/5/25 0:00,352.5,355,340,342,1597254,1241750
2016/5/26 0:00,342.5,348,338,345,2125382,1291172
2016/5/27 0:00,346,354.5,335,350,3105418,1402116
2016/5/30 0:00,350,352.5,333,347.5,2305026,1400878
2016/5/31 0:00,348.5,353.5,343.5,344,1933378,1394062
2016/6/1 0:00,344,348.5,340.5,348.5,1475408,1409806
2016/6/2 0:00,345,350.5,342.5,343.5,1248374,1364196
2016/6/3 0:00,344,352,343,347.5,1080834,1278556
2016/6/6 0:00,351,367.5,348,367,1719884,1298498
2016/6/7 0:00,367.5,374.5,364,369.5,1341262,1239690
2016/6/8 0:00,369,374.5,362,366.5,1240906,1222610
2016/6/13 0:00,365,379.5,363,373,1331250,1254470
2016/6/14 0:00,372,377,355,355.5,1616036,1247496
2016/6/15 0:00,356.5,362.5,355,360,954484,1300000
2016/6/16 0:00,362.5,372,360,366,1161208,1294456
2016/6/17 0:00,365.5,373,361,372.5,1223776,1265206
2016/6/20 0:00,373.5,376.5,368,369.5,1068290,1289372
2016/6/21 0:00,368,379,368,374,1094578,1294788
2016/6/22 0:00,374,388,372,386.5,1581268,1353878
2016/6/23 0:00,387,392,384.5,387.5,1150722,1373992
2016/6/24 0:00,388.5,394.5,381.5,385,1510194,1372084
2016/6/27 0:00,387,411,385.5,411,1754314,1381868
2016/6/28 0:00,412,423,408,419,1727628,1334626
2016/6/29 0:00,419,424.5,412.5,418.5,1377442,1328964
2016/6/30 0:00,417,431,416,428,1684702,1300600
2016/7/1 0:00,428.5,431,412,421,1635248,1164130
2016/7/4 0:00,421,441.5,420.5,438,1994052,1107406
2016/7/5 0:00,439,448.5,423,440.5,2240098,1067200
2016/7/6 0:00,439,443.5,418,428,2234086,1025942
2016/7/7 0:00,424.5,439,419.5,426.5,2016472,1120748
2016/7/8 0:00,426,431.5,415,430,2027094,1114298
2016/7/11 0:00,432.5,434.5,418.5,429,1588332,1076800
2016/7/12 0:00,432,453,428,453,1919426,1106048
2016/7/13 0:00,456,466,450.5,457.5,1787830,1147308
2016/7/14 0:00,459.5,465.5,452.5,464.5,1401482,1163710
2016/7/15 0:00,461,464.5,454.5,461.5,1226978,1155760
2016/7/18 0:00,461,464,431,431,1798578,1061056
2016/7/19 0:00,431,435,420.5,423.5,1314910,959064
2016/7/20 0:00,423,428.5,418.5,423,1005608,936746
2016/7/21 0:00,423,448,417.5,447,1552884,1001078
2016/7/22 0:00,446,449,426,428.5,1665746,965016
2016/7/25 0:00,429,446,424.5,442.5,1512910,960264
2016/7/26 0:00,443,447,434.5,446,1215810,964438
2016/7/27 0:00,448,466,446.5,466,1866402,1041674
2016/7/28 0:00,469,474.5,462.5,472.5,1549110,1066438
2016/7/29 0:00,474,477,458,461,1387630,1039244
2016/8/1 0:00,461,487.5,455.5,486.5,1677124,1071792
2016/8/2 0:00,485,489,478.5,485.5,1088440,1030850
2016/8/3 0:00,486,487.5,478.5,483.5,895536,1029188
2016/8/4 0:00,483.5,484.5,464.5,473.5,1238198,952152
2016/8/5 0:00,473,495.5,472.5,492.5,1460684,1012542
2016/8/8 0:00,493,504.5,487.5,503,1040648,968776
2016/8/9 0:00,503.5,511,494,501.5,1093406,929586
2016/8/10 0:00,500,504,488,494,1133006,772160
2016/8/11 0:00,441.5,444.5,425.5,431,1218974,977780
2016/8/12 0:00,429.5,435,424.5,432,1192520,1137362
2016/8/15 0:00,428.5,431.5,413,421.5,1776054,1143116
2016/8/16 0:00,421.5,441.5,418,438,1729678,1239102
2016/8/17 0:00,436.5,445,426,426.5,1694440,1229134
2016/8/18 0:00,426,440.5,423,437,1958742,1237644
2016/8/19 0:00,436.5,446.5,429.5,444.5,1789538,1300214
2016/8/22 0:00,444,450,440.5,443.5,1475386,1350036
2016/8/23 0:00,443,458,440.5,456.5,1501770,1380850
2016/8/24 0:00,457,460.5,451.5,456,1281924,1403222
2016/8/25 0:00,456,458,429,442,2491990,1396258
2016/8/26 0:00,442.5,443,430.5,431,1917014,1389910
2016/8/29 0:00,431,431,414.5,421,2126304,1497454
2016/8/30 0:00,423,426,414.5,418,1806796,1609924
2016/8/31 0:00,420,421.5,410,412.5,1916274,1661566
2016/9/1 0:00,412,419.5,408,417.5,1670666,1575518
2016/9/2 0:00,417.5,432,416,419.5,2094906,1571582
2016/9/5 0:00,420.5,428.5,416.5,418.5,1942870,1609242
2016/9/6 0:00,419.5,430,417.5,424,1842424,1646856
2016/9/7 0:00,424,425.5,406.5,407.5,2312948,1639162
2016/9/8 0:00,407,412.5,402.5,408.5,1673558,1622772
2016/9/9 0:00,407.5,410,402,408.5,1359606,1622734
2016/9/12 0:00,409,414.5,396.5,398,1827818,1663694
2016/9/13 0:00,397.5,401,388.5,393.5,1552348,1675478
2016/9/14 0:00,394,396,390.5,393.5,1103364,1604784
2016/9/19 0:00,385,394.5,383,393.5,958178,1623542
2016/9/20 0:00,392.5,403,392.5,397.5,1390814,1674800
2016/9/21 0:00,397.5,401,395,399,1050670,1685390
2016/9/22 0:00,399,420,398,408,2100624,1642682
2016/9/23 0:00,410.5,414.5,408,413.5,1232140,1610848
2016/9/26 0:00,413.5,419.5,408,411.5,1492492,1594044
2016/9/27 0:00,412,412.5,401.5,406,1284496,1571258
2016/9/28 0:00,405.5,413,403.5,413,1123266,1560438
2016/9/29 0:00,413.5,426.5,412,413.5,1661572,1550926
2016/9/30 0:00,413,414.5,402.5,404.5,1021520,1344912
2016/10/10 0:00,405,413.5,398,412.5,1192052,1490188
2016/10/11 0:00,414.5,422,412.5,422,1448140,1642226
2016/10/12 0:00,422,430,418.5,428,1524762,1698272
2016/10/13 0:00,428,429.5,423,427,1195244,1665474
2016/10/14 0:00,427,445.5,424,438.5,1673500,1677404
2016/10/17 0:00,436.5,447,436,442,1325610,1612010
2016/10/18 0:00,440.5,441.5,431.5,437.5,1284730,1585360
2016/10/19 0:00,439,450,432.5,436,2013328,1666534
2016/10/20 0:00,438.5,447.5,435.5,443.5,1489972,1560724
2016/10/21 0:00,445,447.5,435.5,444.5,1309110,1553700
2016/10/24 0:00,444,455,438.5,454,1563092,1626710
2016/10/25 0:00,454.5,471.5,453.5,471.5,1442662,1606974
2016/10/26 0:00,476,487.5,464.5,474,2019988,1339652
2016/10/27 0:00,474.5,484.5,465.5,478.5,1875822,1450892
2016/10/28 0:00,478.5,497.5,474.5,494,1871222,1439618
2016/10/31 0:00,492.5,502.5,487.5,502,1658838,1434258
2016/11/1 0:00,502.5,508,493.5,502,1530806,1414520
2016/11/2 0:00,503,509,489,491.5,1709470,1381070
2016/11/3 0:00,491.5,500.5,488,500.5,1347444,1343350
2016/11/4 0:00,499,509.5,496,500,1843994,1430914
2016/11/7 0:00,500,530.5,491.5,520,2702140,1457486
2016/11/8 0:00,522,529.5,509,519,2365916,1281542
2016/11/9 0:00,519,551.5,517.5,551.5,1556734,1137634
2016/11/10 0:00,564,588,561.5,588,1998866,935634
2016/11/11 0:00,590,614.5,588,614.5,1249418,973154
2016/11/14 0:00,630,656.5,595.5,627,2975784,849190
2016/11/15 0:00,626,631.5,591,591,1489902,807626
2016/11/16 0:00,576,584.5,561.5,577,1624096,770890
2016/11/17 0:00,576.5,582,546,577,1831146,863526
2016/11/18 0:00,579.5,583.5,545.5,551,1812182,843686
2016/11/21 0:00,551,564.5,533,552.5,1870738,911746
2016/11/22 0:00,553,580.5,553,580.5,1044548,785230
2016/11/23 0:00,598,616.5,593.5,616.5,1650100,757236
2016/11/24 0:00,620,658.5,602,622,1626888,616390
2016/11/25 0:00,577,613,572.5,613,1420644,859560
2016/11/28 0:00,618,632.5,597,622.5,1637100,900398
2016/11/29 0:00,621.5,631,576,577,2138828,978978
2016/11/30 0:00,576,579,556,556,1241054,802416
2016/12/1 0:00,556,603.5,548.5,595,2249718,912974
2016/12/2 0:00,598.5,602.5,548.5,574,2876146,925294
2016/12/5 0:00,575.5,611.5,563,605,2373924,966858
2016/12/6 0:00,606,618.5,594,604.5,1898254,1006578
2016/12/7 0:00,605,648.5,602,644.5,2058256,1088068
2016/12/8 0:00,644,653.5,618,635,2016898,990776
2016/12/9 0:00,635,636,594,618,2462416,1037920
2016/12/12 0:00,619,657,606,635.5,1954478,1055646
2016/12/13 0:00,636,646,626.5,645.5,1615000,1077970
2016/12/14 0:00,643,643.5,598,605,2632632,1191134
2016/12/15 0:00,604,621.5,591.5,608.5,2068708,1125972
2016/12/16 0:00,605.5,613.5,590.5,591.5,1641702,1127448
2016/12/19 0:00,586.5,590,559,560,1789406,1113664
2016/12/20 0:00,561,576,558.5,568,1552190,1101380
2016/12/21 0:00,570,576,553.5,573,1548574,1146676
2016/12/22 0:00,573,573,541.5,542.5,1590678,1146852
2016/12/23 0:00,542.5,555,540.5,548.5,1415314,1094856
2016/12/26 0:00,547,559,529,554.5,2131098,1087366
2016/12/27 0:00,554.5,564,537.5,560.5,1861506,1046880
2016/12/28 0:00,560,575.5,554,564.5,1734938,1047580
2016/12/29 0:00,565,573,554.5,569,1513976,1035328
2016/12/30 0:00,566.5,571,545.5,548,1424872,921192
2017/1/3 0:00,551,568,531,534,969588,979164
2017/1/4 0:00,535.5,549,532,542,1313922,1019180
2017/1/5 0:00,542.5,559.5,539.5,550.5,1160088,985294
2017/1/6 0:00,550,557.5,538,538.5,1283084,1066706
2017/1/9 0:00,539,573,536.5,571.5,1248210,1050866
2017/1/10 0:00,570.5,594,565,594,1412502,1087534
2017/1/11 0:00,599,604.5,591.5,601,1081264,1051130
2017/1/12 0:00,599,617,592,607.5,1318150,1110954
2017/1/13 0:00,608,619,598.5,607,1201408,1107150
2017/1/16 0:00,606.5,657.5,604,653,1664016,1139744
2017/1/17 0:00,650,664.5,622,638,1739144,1071302
2017/1/18 0:00,638.5,666,629,638,1870808,1135722
2017/1/19 0:00,634.5,642.5,623,637,1503022,1105914
2017/1/20 0:00,634.5,641,607,612.5,1633878,1120620
2017/1/23 0:00,611,618,605,607.5,1094454,1033172
2017/1/24 0:00,609.5,654.5,607,648.5,1599504,1138602
2017/1/25 0:00,650,650.5,629.5,641.5,1005000,1006728
2017/1/26 0:00,640.5,662.5,635.5,660,867136,954832
2017/2/3 0:00,662,663,606,611.5,992122,913972
2017/2/6 0:00,612,615.5,598.5,603,1051750,979224
2017/2/7 0:00,602,630,598,625,1258816,1034410
2017/2/8 0:00,625,647.5,623,641,1294094,1097014
2017/2/9 0:00,641.5,649.5,636,641,1078064,1121320
2017/2/10 0:00,638,694,635.5,688,2216864,1312320
2017/2/13 0:00,685,713,685,712.5,1578374,1265432
2017/2/14 0:00,712.5,716,696.5,712,1174080,1270696
2017/2/15 0:00,712,718,691,697.5,1963814,1289760
2017/2/16 0:00,698,721,682,685.5,2327328,1260534
2017/2/17 0:00,685,707.5,685,702,1604950,1197376
2017/2/20 0:00,705,715.5,694.5,714,1552170,1247462
2017/2/21 0:00,716,741.5,710.5,732,1648782,1221344
2017/2/22 0:00,731.5,734,711,722.5,1456298,1223242
2017/2/23 0:00,718,728,700,708,1661424,1218528
2017/2/24 0:00,710,713.5,674,698.5,2107860,1161512
2017/2/27 0:00,698.5,732.5,690,714,2145806,1199896
2017/2/28 0:00,710.5,717.5,689,690.5,2064688,1219246
2017/3/1 0:00,692,705.5,688,698,1756032,1159100
2017/3/2 0:00,698,709,691.5,694.5,1553148,1181686
2017/3/3 0:00,695,695.5,664.5,688,2145714,1212314
2017/3/6 0:00,689.5,695,655,661,2198622,1328560
2017/3/7 0:00,660,669,653.5,661.5,1414676,1240622
2017/3/8 0:00,660.5,674,655,661.5,2021882,1249730
2017/3/9 0:00,664,666.5,643,658,1845624,1179882
2017/3/10 0:00,655.5,663.5,652.5,656,1279028,1146400
2017/3/13 0:00,656,686,638.5,684.5,2193194,1173468
2017/3/14 0:00,686,697.5,680.5,686.5,1411802,1065162
2017/3/15 0:00,685,730.5,682.5,724.5,1852128,1102550
2017/3/16 0:00,724,735,710,726.5,1282780,1018852
2017/3/17 0:00,722,724,706.5,715.5,1079270,938978
2017/3/20 0:00,713,725,708,711.5,928334,849508
2017/3/21 0:00,712,713,681,687.5,954818,745802
2017/3/22 0:00,601,609,575.5,577,1291176,980404
2017/3/23 0:00,580,590.5,577,580.5,1084938,1002682
2017/3/24 0:00,574,590,567.5,580.5,1632096,1156658
2017/3/27 0:00,578,579.5,541,549.5,1709572,1231932
2017/3/28 0:00,550,561,542,543,1622064,1274752
2017/3/29 0:00,549,574,547,571,2105400,1319312
2017/3/30 0:00,571,581.5,556,559,1887040,1356742
2017/3/31 0:00,572,576,540.5,552,1551734,1366162
2017/4/5 0:00,556,578.5,552.5,559.5,1544052,1445032
2017/4/6 0:00,562,574,556,560,1887382,1541168
2017/4/7 0:00,553.5,555.5,520,525.5,2222870,1595000
2017/4/10 0:00,526,531.5,517,520,1517786,1605182
2017/4/11 0:00,516,531,513.5,524.5,1620696,1612774
2017/4/12 0:00,521,522.5,503,506,1916024,1630158
2017/4/13 0:00,500,514.5,495.5,505.5,1756206,1631852
2017/4/14 0:00,506,519,501.5,507.5,1920014,1634778
2017/4/17 0:00,510,514,489.5,493,2075408,1721070
2017/4/18 0:00,493.5,496,463.5,468,1936476,1674504
2017/4/19 0:00,470,482.5,467,480,1743428,1635768
2017/4/20 0:00,482,490,460.5,488.5,2596254,1713800
2017/4/21 0:00,495,515,486,505.5,3179714,1615544
2017/4/24 0:00,506,509,486.5,503,2770070,1677722
2017/4/25 0:00,505,506,489.5,498,2549756,1732920
2017/4/26 0:00,499,514,493,496.5,2622798,1793888
2017/4/27 0:00,496,506.5,492,506,2345734,1708174
2017/4/28 0:00,508,521,501,521,2760974,1822266
2017/5/2 0:00,531,539,526.5,533.5,1667068,1734678
2017/5/3 0:00,531.5,536,522,523,1889918,1814326
2017/5/4 0:00,519.5,519.5,485,485,2631018,1658644
2017/5/5 0:00,476,479,456.5,461.5,2663104,1718484
2017/5/8 0:00,467,484.5,457.5,466.5,3477684,1892942
2017/5/9 0:00,462,469,458,466,2304996,1859498
2017/5/10 0:00,465,479,464,474.5,2967848,1863674
2017/5/11 0:00,476,482.5,445,465,3973568,1962662
2017/5/12 0:00,465,466.5,448,450.5,3034738,1979132
2017/5/15 0:00,451.5,462.5,442.5,457,2433496,1889284
2017/5/16 0:00,457,462,451.5,461,2018620,1855650
2017/5/17 0:00,461,481,459.5,477.5,2899252,1997178
2017/5/18 0:00,478,480.5,467,468.5,2650142,1900522
2017/5/19 0:00,461,490.5,454,489,3937166,2053712
2017/5/22 0:00,490.5,501,487,494,3294438,1911138
2017/5/23 0:00,495,498,478,479,2386364,1909936
2017/5/24 0:00,480,481.5,452,455.5,3214896,1988296
2017/5/25 0:00,458,466,447,448,3170088,2028404
2017/5/26 0:00,449,456,446,454,2363976,1818004
2017/5/31 0:00,453.5,455,423.5,424.5,2226242,1988344
2017/6/1 0:00,425,427.5,415,420,2249808,1994824
2017/6/2 0:00,423.5,434.5,418.5,429.5,2719994,2088194
2017/6/5 0:00,427,443,422.5,435,3248512,2025116
2017/6/6 0:00,430.5,438,423.5,432,2834492,2074228
2017/6/7 0:00,431,437.5,427,432.5,2084592,1968000
2017/6/8 0:00,432,436.5,422,423,2845264,2193168
2017/6/9 0:00,423,427.5,419,423.5,2071446,2058922
2017/6/12 0:00,423,437.5,422,434,2503858,2083662
2017/6/13 0:00,434.5,435.5,418,418.5,2203790,2046716
2017/6/14 0:00,417,432,412.5,432,2694020,2124068
2017/6/15 0:00,430,431.5,416.5,423,2641944,2079028
2017/6/16 0:00,425,436,422,426.5,2911200,2030436
2017/6/19 0:00,428,439.5,425.5,432.5,2370300,2005806
2017/6/20 0:00,432.5,437.5,428,430.5,2003558,1854376
2017/6/21 0:00,429,433.5,419.5,433.5,2135430,1946834
2017/6/22 0:00,435,438.5,425,425.5,2221854,1832682
2017/6/23 0:00,427.5,434.5,425.5,434,1695332,1855230
2017/6/26 0:00,434,434.5,427.5,433,1646854,1798994
2017/6/27 0:00,434.5,458,431.5,456.5,2833952,2132588
2017/6/28 0:00,457,460.5,453.5,457.5,2114730,2034526
2017/6/29 0:00,460,484.5,459,477,3448740,1958066
2017/6/30 0:00,475,476.5,465,473.5,2055140,1885360
2017/7/3 0:00,470.5,488,470,487,2282410,1983266
2017/7/4 0:00,489,493,462,465,2872450,1841750
2017/7/5 0:00,468,479.5,465.5,469.5,2675890,1829690
2017/7/6 0:00,465,472.5,457,471,2371124,1801162
2017/7/7 0:00,469.5,484,465,481.5,2380090,1912326
2017/7/10 0:00,480.5,485.5,475,480,2278746,1800544
2017/7/11 0:00,479,498,477.5,488.5,2490714,1819766
2017/7/12 0:00,489,499,483.5,488.5,2388802,1745524
2017/7/13 0:00,490,494,481,491,2009448,1727852
2017/7/14 0:00,489,490.5,472,481,2368892,1703050
2017/7/17 0:00,482,501,481,494.5,2309482,1725592
2017/7/18 0:00,496.5,524,496,517,2832810,1833098
2017/7/19 0:00,517.5,535,517,532,2185908,1656086
2017/7/20 0:00,534.5,536.5,515.5,517,2434782,1500778
2017/7/21 0:00,517.5,523,508.5,521,2168174,1400610
2017/7/24 0:00,523,524.5,502,512,2139696,1392326
2017/7/25 0:00,513,531,512.5,526.5,2525632,1448410
2017/7/26 0:00,531,534.5,514,518,2179768,1278332
2017/7/27 0:00,519,527.5,515,527,1825322,1266152
2017/7/28 0:00,526,534,523,530,1663260,1144088
2017/7/31 0:00,530,570.5,529.5,570.5,2145374,964868
2017/8/1 0:00,549,555,543,546.5,1355682,1157918
2017/8/2 0:00,546,547.5,532,544,2000100,1265202
2017/8/3 0:00,542,557,535.5,543.5,2534086,1422556
2017/8/4 0:00,545,556,539,548.5,2259962,1443068
2017/8/7 0:00,549,587.5,542,564,3670562,1551574
2017/8/8 0:00,564.5,574,543,549,2942900,1536424
2017/8/9 0:00,551,568.5,547,566.5,3084558,1553670
2017/8/10 0:00,564,572,552.5,563.5,3010998,1534874
2017/8/11 0:00,560,571,527.5,536,3675534,1470368
2017/8/14 0:00,536,543,524.5,527,2492266,1465930
2017/8/15 0:00,528,533.5,518.5,530,2429130,1473396
2017/8/16 0:00,529.5,533,518,523.5,2356192,1532168
2017/8/17 0:00,525,561.5,524,554.5,3966858,1543050
2017/8/18 0:00,552,584,546.5,580.5,3216212,1551080
2017/8/21 0:00,572.5,601,561,596,4259458,1765810
2017/8/22 0:00,599.5,609.5,594,606,2784600,1701542
2017/8/23 0:00,602.5,602.5,565,578.5,3691470,1662490
2017/8/24 0:00,578,597.5,569,582.5,3464054,1640548
2017/8/25 0:00,582.5,601,577,585.5,3192398,1597100
2017/8/28 0:00,582.5,588.5,553.5,572.5,3388816,1577634
2017/8/29 0:00,573,577.5,550.5,554,3260358,1543828
2017/8/30 0:00,555,559,543,556,2741232,1518056
2017/8/31 0:00,555,574.5,546.5,573,3320378,1591164
2017/9/1 0:00,570,588.5,568.5,583,3081276,1563492
2017/9/4 0:00,582,598,565,565.5,3528408,1532942
2017/9/5 0:00,567,579.5,562.5,576,2819660,1545362
2017/9/6 0:00,576.5,586.5,549,550,3613032,1663668
2017/9/7 0:00,551,556.5,540.5,545.5,3291534,1750582
2017/9/8 0:00,546,561.5,531,534.5,3640130,1666022
2017/9/11 0:00,535,538,519,533.5,3225912,1562016
2017/9/12 0:00,534.5,549,528,548,3412948,1636938
2017/9/13 0:00,547,552.5,528.5,534,3077162,1611444
2017/9/14 0:00,532,535,507.5,510,3510428,1796634
2017/9/15 0:00,510.5,514.5,503,508,2447232,1740996
2017/9/18 0:00,506.5,514,493.5,511.5,3118512,1775946
2017/9/19 0:00,511.5,514.5,498,498,2421080,1771294
2017/9/20 0:00,495,503,487.5,492.5,2650204,1831060
2017/9/21 0:00,494,499,471,472,3334156,1966210
2017/9/22 0:00,471.5,474.5,463.5,466.5,2355756,1896112
2017/9/25 0:00,469,473.5,457.5,468,2557130,1895834
2017/9/26 0:00,469,473,462,464.5,2260414,1905314
2017/9/27 0:00,465,475.5,460,473,2859694,1923404
2017/9/28 0:00,475.5,478,444,451,3306600,1867490
2017/9/29 0:00,452,459,446,454.5,2215878,1723190
2017/10/9 0:00,462,464.5,437,442.5,1771252,1837194
2017/10/10 0:00,442,448,434.5,440,2195960,2006886
2017/10/11 0:00,438.5,445,435.5,436,1988876,2006984
2017/10/12 0:00,435.5,449.5,425.5,441.5,3120394,2102676
2017/10/13 0:00,441,456.5,438,455.5,3110316,2061478
2017/10/16 0:00,456,470.5,452,463,3547454,2033156
2017/10/17 0:00,463,467.5,445.5,453,3541910,2090816
2017/10/18 0:00,454,465,452,459,2909700,2057422
2017/10/19 0:00,456.5,458,437,444,3518520,2139966
2017/10/20 0:00,443,469.5,441,469,3314666,2080544
2017/10/23 0:00,467,471.5,448,458.5,3844928,2023044
2017/10/24 0:00,459,468,453.5,457.5,2773262,1936768
2017/10/25 0:00,458,466,449.5,455,2924034,1964096
2017/10/26 0:00,454.5,456.5,450,453.5,1907358,1855248
2017/10/27 0:00,451,452.5,426.5,428,3088966,2036516
2017/10/30 0:00,425.5,433,421,425,2271780,1906352
2017/10/31 0:00,425,433,421.5,428,2071056,1859964
2017/11/1 0:00,429,439,426,429.5,2236238,1786482
2017/11/2 0:00,428.5,447,426,442,2644964,1791228
2017/11/3 0:00,441.5,446,436,439.5,2013624,1719044
2017/11/6 0:00,441,469,439.5,468,2956588,1755032
2017/11/7 0:00,468,475,461.5,469,2516836,1674814
2017/11/8 0:00,469,472.5,461.5,466,2296626,1644456
2017/11/9 0:00,466,479.5,456,460.5,3464306,1679752
2017/11/10 0:00,461,466.5,453,462.5,2244006,1561852
2017/11/13 0:00,463,468,454,465,2413384,1630380
2017/11/14 0:00,465,471,461.5,464.5,1902728,1509182
2017/11/15 0:00,465.5,469.5,443,446,2484966,1485384
2017/11/16 0:00,446.5,460.5,445.5,458,1965000,1399906
2017/11/17 0:00,458.5,469.5,457.5,462.5,2269146,1371660
2017/11/20 0:00,464,475,458,470,1988754,1336916
2017/11/21 0:00,471,474.5,466.5,470,1395710,1166002
2017/11/22 0:00,471,478.5,466.5,474.5,1492042,1057570
2017/11/23 0:00,499.5,513.5,498.5,507.5,2297878,1413250
2017/11/24 0:00,508,515.5,501,513.5,1999448,1408740
2017/11/27 0:00,513.5,516.5,502.5,505,2208348,1504040
2017/11/28 0:00,505.5,507,495.5,504.5,2025496,1432392
2017/11/29 0:00,504,513.5,498,512.5,2221018,1559400
2017/11/30 0:00,512.5,526.5,506.5,520,2839380,1623652
2017/12/1 0:00,521.5,529,518,526,2304320,1644796
2017/12/4 0:00,527,555,525.5,548,2891074,1692966
2017/12/5 0:00,547.5,553,537.5,539.5,2427642,1730738
2017/12/6 0:00,540,544,521,523,2761820,1675964
2017/12/7 0:00,523.5,524.5,492,494.5,3266458,1496700
2017/12/8 0:00,496,508.5,490,506.5,2763314,1504178
2017/12/11 0:00,506,520,495,495.5,3375408,1618074
2017/12/12 0:00,498,514.5,495,503,3390808,1593134
2017/12/13 0:00,502.5,510.5,491,506,3598430,1668522
2017/12/14 0:00,506.5,509,495,498,2910392,1665832
2017/12/15 0:00,499,510.5,493,508,2740774,1706456
2017/12/18 0:00,509,540,507.5,536,4086158,1812584
2017/12/19 0:00,535,540,525.5,528.5,2871544,1716322
2017/12/20 0:00,527.5,531.5,522.5,529,2298192,1689094
2017/12/21 0:00,530,549.5,525.5,532,3882170,1835846
2017/12/22 0:00,532.5,547,528,546,3143190,1847616
2017/12/25 0:00,546,551.5,523.5,525.5,3289194,1830178
2017/12/26 0:00,525,525,511.5,521.5,2973036,1641106
2017/12/27 0:00,521,524.5,514,515.5,2790868,1704676
2017/12/28 0:00,516,523,510.5,518.5,2254444,1664340
2017/12/29 0:00,518,538.5,517,531.5,3406882,1750082
2018/1/2 0:00,531.5,546.5,531,543.5,2036976,1799508
2018/1/3 0:00,544,547,535,536,2252858,1766830
2018/1/4 0:00,536.5,546,533.5,543.5,2512456,1863692
2018/1/5 0:00,543,551,528,538.5,3211498,1870900
2018/1/8 0:00,538,556,534,555.5,2877200,1975436
2018/1/9 0:00,555,562.5,554.5,560.5,2155746,1993920
2018/1/10 0:00,561,565,552,557.5,2205660,2009208
2018/1/11 0:00,558.5,560.5,549,556,2108254,1953544
2018/1/12 0:00,556,558,539.5,544,2613724,1909738
2018/1/15 0:00,542,544,531,536.5,2278106,1868470
2018/1/16 0:00,538,542.5,527,529.5,2299402,1859920
2018/1/17 0:00,527,534.5,525.5,531.5,2142242,1789468
2018/1/18 0:00,531,539.5,529.5,537,1856046,1770508
2018/1/19 0:00,538,544.5,531,543.5,2322114,1840030
2018/1/22 0:00,544.5,547.5,538,540.5,2007030,1699042
2018/1/23 0:00,540.5,541,517,521.5,2972356,1914192
2018/1/24 0:00,518.5,525.5,518,522,1478578,1768100
2018/1/25 0:00,523,536,518.5,529.5,2313198,1764106
2018/1/26 0:00,529.5,530.5,515,519,2300262,1818128
2018/1/29 0:00,519.5,522,511,514.5,1829528,1782832
2018/1/30 0:00,514,521.5,513.5,517.5,1670784,1748272
2018/1/31 0:00,517,520,504.5,510,2106122,1845756
2018/2/1 0:00,510.5,512,503.5,506.5,1659682,1800120
2018/2/2 0:00,508,518.5,507,513.5,1937546,1724414
2018/2/5 0:00,514,527.5,513.5,526.5,2311538,1772444
2018/2/6 0:00,527.5,529,516,521,1954422,1689636
2018/2/7 0:00,521.5,527.5,518,526.5,1690794,1602368
2018/2/8 0:00,527,528.5,521,524,1540810,1576414
2018/2/9 0:00,524.5,535.5,519,523.5,2646280,1614890
2018/2/12 0:00,523,526,518,523,1374556,1449844
2018/2/13 0:00,523,531,521.5,529,1180578,1430302
2018/2/14 0:00,530,541,529,539.5,1211876,1346036
2018/2/22 0:00,539.5,545,532.5,538.5,1044934,1401458
2018/2/23 0:00,536,549,536,548.5,1565246,1568674
2018/2/26 0:00,548,556.5,545,549,1483200,1539932
2018/2/27 0:00,549,552,540,546.5,1564520,1562732
2018/2/28 0:00,546,546.5,540.5,543,1279690,1515948
2018/3/1 0:00,542.5,548,540.5,544.5,1554214,1590906
2018/3/2 0:00,542.5,546,534.5,539,1753878,1534386
2018/3/5 0:00,538,539.5,519,520,2067414,1644820
2018/3/6 0:00,520,524.5,516.5,520.5,1562240,1557394
2018/3/7 0:00,521.5,525,515.5,517.5,1708384,1616932
2018/3/8 0:00,515,515.5,500.5,500.5,1930252,1649372
2018/3/9 0:00,498.5,502,479.5,483.5,2810186,1694660
2018/3/12 0:00,486.5,489.5,475.5,479,2326494,1696200
2018/3/13 0:00,478,484,476.5,479,1684550,1672092
2018/3/14 0:00,480,493.5,478.5,490,2379184,1656728
2018/3/15 0:00,490,494.5,486.5,490,1857810,1534520
2018/3/16 0:00,489.5,490,481,483.5,1939940,1556740
2018/3/19 0:00,482,482.5,461.5,462.5,2744416,1705438
2018/3/20 0:00,462.5,465.5,453.5,459,2165438,1679262
2018/3/21 0:00,461,467.5,457.5,463,2381350,1657122
2018/3/22 0:00,464.5,473.5,462.5,466.5,2638230,1593024
2018/3/23 0:00,465.5,467.5,430.5,437.5,3724726,1393974
2018/3/26 0:00,437.5,443.5,434.5,439,2081784,1392984
2018/3/27 0:00,438,448.5,437.5,444,1889482,1285004
2018/3/28 0:00,443.5,445.5,427.5,438.5,2533648,1406098
2018/3/29 0:00,439,441.5,430.5,441,1838078,1315884
2018/3/30 0:00,441,444,431,443.5,2152332,1249410
2018/4/2 0:00,443,463,441,446.5,2516146,1142970
2018/4/3 0:00,447,454.5,436,441,1578380,932058
2018/4/4 0:00,455.5,456.5,435,438.5,2739746,1639100
2018/4/9 0:00,438,446,433,444,2200544,1775758
2018/4/10 0:00,444,456.5,444,451,3090932,1873990
2018/4/11 0:00,452.5,461,446,447.5,3074554,1824952
2018/4/12 0:00,448.5,456.5,442,450,3560780,1922048
2018/4/13 0:00,448,457,444,453.5,3159766,1937760
2018/4/16 0:00,454,457.5,435.5,438.5,3725240,2123182
2018/4/17 0:00,439,445.5,434,439,3451174,2093082
2018/4/18 0:00,441,451.5,440.5,449,4024454,2138780
2018/4/19 0:00,454,476,454,475,4719180,2095730
2018/4/20 0:00,475,476,459,461,3863604,2011142
2018/4/23 0:00,462,482.5,459.5,477,4285054,1955236
2018/4/24 0:00,473.5,479,469,470,2779440,1919840
2018/4/25 0:00,470,477,465.5,467.5,3191744,1901960
2018/4/26 0:00,467.5,472.5,463,465.5,2312858,1868450
2018/4/27 0:00,465,471,455,460.5,2991624,1871218
2018/5/2 0:00,463.5,476,461.5,474,2342678,1822080
2018/5/3 0:00,475,482,471.5,474,2590440,1835644
2018/5/4 0:00,473.5,474,463.5,471.5,2858102,1862978
2018/5/7 0:00,470,475.5,460,470,3231888,1976176
2018/5/8 0:00,470,477.5,468,476,2758820,1948658
2018/5/9 0:00,474,475.5,468,470,2655926,1971694
2018/5/10 0:00,468,475,465,470,2409616,1959696
2018/5/11 0:00,471.5,487,469,482.5,3327274,2104394
2018/5/14 0:00,482.5,490,481,488,2675144,2108668
2018/5/15 0:00,487,494,479.5,485.5,3225736,2017304
2018/5/16 0:00,485,491.5,478.5,482.5,2866710,1988126
2018/5/17 0:00,482,485,477.5,483,1908430,1862894
2018/5/18 0:00,483.5,487,475.5,478,2555216,1868622
2018/5/21 0:00,477.5,477.5,462,465,2736232,1874146
2018/5/22 0:00,464,467.5,453,456,2035778,1829938
2018/5/23 0:00,458.5,459,449.5,456.5,2242814,1829474
2018/5/24 0:00,456,461,454.5,459.5,1568618,1666694
2018/5/25 0:00,460,464,450,454.5,2148368,1867204
2018/5/28 0:00,453.5,461,448.5,453.5,2119808,1845090
2018/5/29 0:00,453,468,451,464.5,2443562,1779078
2018/5/30 0:00,463.5,469,454.5,455.5,2373012,1760468
2018/5/31 0:00,455.5,466.5,455.5,462.5,1887024,1649482
2018/6/1 0:00,463,471.5,457.5,460,2257014,1744090
2018/6/4 0:00,460,463.5,455,457,1713714,1657850
2018/6/5 0:00,456.5,467.5,456,467,1952192,1748832
2018/6/6 0:00,468.5,476,466.5,470.5,2141570,1807030
2018/6/7 0:00,471,478.5,468,469,2020990,1762544
2018/6/8 0:00,469.5,471,463,467,1740300,1651206
2018/6/11 0:00,468,473.5,465,470,1400384,1605972
2018/6/12 0:00,470,474.5,464,473.5,1930484,1698588
2018/6/13 0:00,472,474.5,466,471.5,1809214,1581476
2018/6/14 0:00,471.5,476,470,473.5,1529028,1614582
2018/6/15 0:00,473,477.5,468,474,1526266,1503222
2018/6/19 0:00,469,471,443.5,450.5,2310920,1678640
2018/6/20 0:00,450,456,449,453,1232422,1519182
2018/6/21 0:00,454,460.5,452,453,1525938,1498440
2018/6/22 0:00,453.5,459,451,457.5,1343140,1408866
2018/6/25 0:00,458.5,470.5,457.5,464,2125132,1511522
2018/6/26 0:00,464,467,458.5,462.5,1747550,1442124
2018/6/27 0:00,462.5,467.5,461,461,1251860,1353806
2018/6/28 0:00,462.5,470,462,467.5,1441320,1406404
2018/6/29 0:00,467,476,467,474,1780086,1381792
2018/7/2 0:00,474,474.5,459,463,1783228,1327458
2018/7/3 0:00,463.5,467,461.5,463,1032406,1191302
2018/7/4 0:00,463,466.5,459.5,462,1180474,1185144
2018/7/5 0:00,459.5,461.5,452,456.5,2009670,1247656
2018/7/6 0:00,457,461.5,454.5,459,1336112,1133540
2018/7/9 0:00,459.5,463,452,461.5,1390152,1181928
2018/7/10 0:00,462,463.5,458,459,1075360,1099162
2018/7/11 0:00,459.5,466,449.5,463.5,1515964,1097540
2018/7/12 0:00,463,468,460.5,466,1288170,1040252
2018/7/13 0:00,467,467,461.5,463,793814,906402
2018/7/16 0:00,462.5,468,460,466,828044,946626
2018/7/17 0:00,466,466.5,462,465,809714,871652
2018/7/18 0:00,465,469,463.5,465.5,849464,900446
2018/7/19 0:00,466.5,474,465.5,467.5,1141408,888046
2018/7/20 0:00,467,473,466.5,472.5,562238,768504
2018/7/23 0:00,472.5,477,470,475,850444,843356
2018/7/24 0:00,476,477.5,472.5,474.5,743640,758120
2018/7/25 0:00,475.5,479.5,474,476.5,648832,762194
2018/7/26 0:00,476.5,477.5,473,475.5,592468,729376
2018/7/27 0:00,475.5,492.5,475,491.5,1423896,933174
2018/7/30 0:00,492.5,493.5,483,488.5,1399360,789464
2018/7/31 0:00,488.5,490,485.5,488,713768,716666
2018/8/1 0:00,488.5,489,471.5,475,1040448,725426
2018/8/2 0:00,474.5,477,470,476,857800,625720
2018/8/3 0:00,476.5,488,476,484.5,1007872,645534
2018/8/6 0:00,485.5,512.5,483,502.5,1427936,616760
2018/8/7 0:00,507,518,504,515,1182208,738406
2018/8/8 0:00,514.5,517,505,509,1097664,823120
2018/8/9 0:00,508.5,514,506,514,834450,792294
2018/8/10 0:00,515,518,505,506.5,995714,792830
2018/8/13 0:00,506,517.5,505.5,517,1152806,854764
2018/8/14 0:00,516.5,520,501,506.5,1254384,837562
2018/8/15 0:00,507.5,508,498,502.5,1164088,801254
2018/8/16 0:00,502,510.5,482.5,493.5,1788272,889938
2018/8/17 0:00,493.5,506.5,488.5,504.5,1539578,820142
2018/8/20 0:00,506.5,513,497.5,506.5,1661684,883288
2018/8/21 0:00,507,509,489.5,494,1608096,856616
2018/8/22 0:00,493,499,484.5,485,1114650,786162
2018/8/23 0:00,485,494,484.5,487,1023604,752026
2018/8/24 0:00,487.5,493.5,485.5,490.5,625338,723076
2018/8/27 0:00,491,495,476.5,479,996142,767756
2018/8/28 0:00,479,485,479,482,485630,701662
2018/8/29 0:00,483,487.5,478,480,614506,709646
2018/8/30 0:00,480.5,486.5,476,484.5,1117326,817198
2018/8/31 0:00,485.5,491,484.5,485,1143590,701810
2018/9/3 0:00,485,487.5,478,484.5,926262,669950
2018/9/4 0:00,485,488.5,481.5,488.5,670930,673064
2018/9/5 0:00,488,490,484,487,838324,673052
2018/9/6 0:00,487,502.5,487,502.5,1584356,796206
2018/9/7 0:00,502,506,493.5,498,1577288,777772
2018/9/10 0:00,498.5,504.5,494.5,497.5,1111558,741132
2018/9/11 0:00,498,501,491,492.5,1176556,691096
2018/9/12 0:00,492.5,495,483.5,492,1113152,659364
2018/9/13 0:00,492.5,505,492.5,503.5,1310474,740358
2018/9/14 0:00,503.5,506.5,499,501.5,1026114,773720
2018/9/17 0:00,502,507,497,500,1268956,711504
2018/9/18 0:00,500,508,498.5,506.5,865384,747124
2018/9/19 0:00,508,514,504,504.5,841568,761578
2018/9/20 0:00,505,507.5,499.5,502,552480,721932
2018/9/21 0:00,502.5,504.5,500,501,459380,669292
2018/9/25 0:00,501,502,494,497,472592,626706
2018/9/26 0:00,498,505.5,497,500,719132,655174
2018/9/27 0:00,500.5,506,495.5,497.5,711128,596968
2018/9/28 0:00,497,498.5,486.5,495.5,1225284,511732
2018/10/8 0:00,498,499.5,490.5,498,464498,539602
2018/10/9 0:00,499.5,512,498,509,1002168,598574
2018/10/10 0:00,509.5,518,508.5,515,811018,640676
2018/10/11 0:00,515,519,506,511.5,863386,625536
2018/10/12 0:00,512,517.5,508,515,662856,670918
2018/10/15 0:00,516,518.5,509,509,600604,635840
2018/10/16 0:00,510,515,506.5,507.5,673302,628808
2018/10/17 0:00,508,524,504,523.5,830594,706630
2018/10/18 0:00,525,532,513.5,517.5,1672332,696868
2018/10/19 0:00,516.5,520.5,511.5,515,854294,626924
2018/10/22 0:00,515.5,527,515,524.5,913794,680600
2018/10/23 0:00,525,527,517.5,519.5,673822,686652
2018/10/24 0:00,519,537.5,517.5,536.5,1031478,841358
2018/10/25 0:00,537,537.5,526.5,533,1115488,829546
2018/10/26 0:00,534,541,530,538.5,988448,846722
2018/10/29 0:00,539.5,546.5,536.5,538,1536546,837684
2018/10/30 0:00,537.5,542.5,533.5,539,820586,806784
2018/10/31 0:00,538.5,539.5,528.5,533.5,1017374,793508
2018/11/1 0:00,534,535.5,518.5,519.5,1122160,772768
2018/11/2 0:00,519,522.5,501.5,508.5,1368756,722020
2018/11/5 0:00,508,515.5,505.5,515.5,747342,690864
2018/11/6 0:00,517,519,508.5,510,1058518,728118
2018/11/7 0:00,510,513,505,511,799376,721494
2018/11/8 0:00,512,522,509.5,520,1334762,742642
2018/11/9 0:00,521,530.5,518.5,525,1314908,746626
2018/11/12 0:00,525,526.5,512.5,520,1251268,706962
2018/11/13 0:00,520,521.5,509,511,1054710,681038
2018/11/14 0:00,510,513.5,505.5,512,1061818,650904
2018/11/15 0:00,512,514.5,508,513.5,631932,616768
2018/11/16 0:00,514,524.5,512,521,1192084,635718
2018/11/19 0:00,520,529.5,514.5,527.5,1303942,701458
2018/11/20 0:00,527,528,512.5,516.5,969016,653862
2018/11/21 0:00,513,527,498.5,526.5,1560024,614164
2018/11/22 0:00,523.5,527.5,516.5,518.5,1161006,539676
2018/11/23 0:00,516,516.5,496,497,1613660,586168
2018/11/26 0:00,494,494,477.5,477.5,993194,568554
2018/11/27 0:00,466.5,475.5,459,465.5,1093676,466878
2018/11/28 0:00,465,477,463,471.5,853942,441856
2018/11/29 0:00,474,477.5,471.5,476,573062,402654
2018/11/30 0:00,456.5,460.5,450,455,582196,480078
2018/12/3 0:00,454,481.5,448,463,1246984,488378
2018/12/4 0:00,463,472,462,472,854104,516394
2018/12/5 0:00,472,479.5,467.5,477.5,978168,519424
2018/12/6 0:00,480,481,467,469,702336,516822
2018/12/7 0:00,466,476.5,463.5,475,844140,534350
2018/12/10 0:00,474,476.5,466.5,473.5,972378,569198
2018/12/11 0:00,473.5,476,468,474.5,762748,561726
2018/12/12 0:00,476,483,471.5,474,1002694,579084
2018/12/13 0:00,474,480,472.5,478.5,815744,580538
2018/12/14 0:00,478.5,485,477.5,482,852674,601466
2018/12/17 0:00,483,492,482.5,488.5,1046510,588196
2018/12/18 0:00,488.5,489.5,483,486,718220,579512
2018/12/19 0:00,485,491.5,484,487,1003660,630980
2018/12/20 0:00,487.5,497,485,496.5,1245858,719208
2018/12/21 0:00,496.5,499.5,493,497,794088,708458
2018/12/24 0:00,497,498,485,491,1072974,717200
2018/12/25 0:00,490.5,492,480.5,486,937070,703878
2018/12/26 0:00,486.5,494,484.5,492.5,931452,763146
2018/12/27 0:00,493.5,498,486.5,491.5,1185526,759126
2018/12/28 0:00,491,495,489,494.5,746842,742328
2019/1/2 0:00,496.5,497,488,489.5,442760,728456
2019/1/3 0:00,489,498.5,488,497,826474,800870
2019/1/4 0:00,498,512,497.5,511,1280810,885618
2019/1/7 0:00,513,515,506.5,514.5,895746,855918
2019/1/8 0:00,514.5,516,509,514,836196,900134
2019/1/9 0:00,513,517,508,509.5,840188,861590
2019/1/10 0:00,509,510.5,505,506.5,730840,813920
2019/1/11 0:00,506.5,510,505,509,678530,833198
2019/1/14 0:00,509,514,504,513,904328,837144
2019/1/15 0:00,513,514,504.5,512,919582,868192
2019/1/16 0:00,510.5,516,510,511.5,744452,869456
2019/1/17 0:00,511.5,515,507.5,513.5,837308,896638
2019/1/18 0:00,513,530,511,528,1689724,992292
2019/1/21 0:00,528.5,538,527.5,533,1564990,997112
2019/1/22 0:00,533,538,525.5,526,1160174,915772
2019/1/23 0:00,525,529.5,524.5,527,599556,891120
2019/1/24 0:00,527.5,536,527.5,535.5,1251538,954964
2019/1/25 0:00,536,539.5,532.5,534,908006,970134
2019/1/28 0:00,534,567.5,533,550.5,1943090,937960
2019/1/29 0:00,551,562.5,549,560.5,1325602,1016024
2019/1/30 0:00,562.5,589,562,587,1947148,1103674
2019/1/31 0:00,592,594,576,588.5,1834550,1066646
2019/2/1 0:00,587.5,623,586,621.5,1912468,1013210
2019/2/11 0:00,652,652,651,652,282462,1024396
2019/2/12 0:00,650,657.5,632.5,634,2293632,1108836
2019/2/13 0:00,634,637,615,624,2380582,1082544
2019/2/14 0:00,624.5,629.5,610.5,628.5,1856560,1138156
2019/2/15 0:00,629.5,636,617.5,624,2196420,1187414
2019/2/18 0:00,628,641.5,623,628,2370452,1211370
2019/2/19 0:00,630,637,628,631,1370094,1202704
2019/2/20 0:00,630,636,613,619.5,2375064,1156072
2019/2/21 0:00,619.5,625,611.5,615,1781004,1114064
2019/2/22 0:00,610,619,598.5,618.5,2445022,1054816
2019/2/25 0:00,619,624.5,598.5,598.5,2203030,1046016
2019/2/26 0:00,597,599.5,586,593.5,1985528,1010348
2019/2/27 0:00,594.5,604,590,593,1552706,1016568
2019/2/28 0:00,596,611,596,609.5,1782360,1075290
2019/3/1 0:00,613,627.5,608,625.5,1502196,1094964
2019/3/4 0:00,628,646.5,619,620.5,2848962,1053286
2019/3/5 0:00,617.5,624.5,612,623,1657876,1012680
2019/3/6 0:00,622.5,627,610,610.5,1998926,1031372
2019/3/7 0:00,611.5,625,610.5,623.5,1563054,996752
2019/3/8 0:00,624,624.5,612.5,613,1730440,980998
2019/3/11 0:00,603.5,608.5,594.5,598,1752392,1001748
2019/3/12 0:00,599,613.5,598.5,612.5,1493508,987534
2019/3/13 0:00,614,616,603,603.5,1413496,990052
2019/3/14 0:00,606,628,602.5,626.5,2218862,1098564
2019/3/15 0:00,626,630.5,616,627,2098382,1095464
2019/3/18 0:00,626.5,645,624,632.5,2473532,1171908
2019/3/19 0:00,633,644.5,630,636,1677104,1168624
2019/3/20 0:00,636,639,601,604.5,2346696,980046
2019/3/21 0:00,610,622,607,612,1535294,969616
2019/3/22 0:00,613,617,608.5,615.5,1042286,959594
2019/3/25 0:00,619.5,620,610,611,1013926,965556
2019/3/26 0:00,614,617.5,608.5,609,771338,962908
2019/3/27 0:00,611,617,609.5,613.5,935728,928662
2019/3/28 0:00,613,614.5,605,607,1200602,903700
2019/3/29 0:00,606,638.5,602.5,631.5,1793200,873948
2019/4/1 0:00,628.5,653.5,628.5,650,1189040,912854
2019/4/2 0:00,648,665.5,643.5,662.5,1794162,906738
2019/4/3 0:00,660,694.5,660,690.5,2806742,841756
2019/4/4 0:00,628,635.5,619.5,627,1259430,840428
2019/4/8 0:00,635,658.5,629,653.5,1625084,960594
2019/4/9 0:00,655,663.5,641.5,648,2006830,1023062
2019/4/10 0:00,649,653.5,642,651,1678408,1133354
2019/4/11 0:00,652,656.5,640,654.5,1843232,1210894
2019/4/12 0:00,660,663,643.5,653.5,2964920,1201784
2019/4/15 0:00,658.5,665,646,653,2421242,1273952
2019/4/16 0:00,651,657.5,632,632.5,2349368,1237522
2019/4/17 0:00,634.5,636.5,615.5,621,2400386,1274160
2019/4/18 0:00,623.5,625.5,615,620,1757144,1253942
2019/4/19 0:00,618,622.5,613,621.5,1866642,1252140
2019/4/22 0:00,622,642,622,627,3365314,1232846
2019/4/23 0:00,629,634.5,626,629,1451640,1255686
2019/4/24 0:00,628.5,629,616.5,619,1650610,1213800
2019/4/25 0:00,619,627.5,616,616,1626206,1191116
2019/4/26 0:00,618.5,626,613.5,618.5,2251830,1231350
2019/4/29 0:00,620,634,619,634,1760912,1239080
2019/4/30 0:00,634,642,627.5,639,1771930,1224828
2019/5/6 0:00,626,639.5,622.5,638,1373326,1243494
2019/5/7 0:00,639,661.5,633.5,652,2408262,1348390
2019/5/8 0:00,650,650.5,636.5,643,1766958,1257244
2019/5/9 0:00,640.5,646.5,635,644.5,1726686,1289134
2019/5/10 0:00,641,657.5,637,655.5,2113732,1420760
2019/5/13 0:00,655,660,650,653.5,1992742,1451802
2019/5/14 0:00,650.5,665.5,642,644.5,2935872,1472552
2019/5/15 0:00,645,660,641,660,1718076,1525434
2019/5/16 0:00,660,685,656.5,680.5,3175126,1558650
2019/5/17 0:00,682,710,679.5,707,3197310,1654400
2019/5/20 0:00,707.5,715.5,701.5,711.5,1993560,1635882
2019/5/21 0:00,706,719.5,694,717,2763960,1616244
2019/5/22 0:00,717.5,733,709,728,3199052,1708374
2019/5/23 0:00,728,735,723.5,728.5,2249960,1702214
2019/5/24 0:00,730,732.5,721,732,2257738,1714336
2019/5/27 0:00,733,771,732.5,761,3958786,1757966
2019/5/28 0:00,762,774.5,745.5,756.5,3343940,1721582
2019/5/29 0:00,752,753,731.5,748,3080640,1628854
2019/5/30 0:00,749.5,750,730,737,2104918,1631192
2019/5/31 0:00,735,744.5,727,727,1840912,1654992
2019/6/3 0:00,726,726.5,713,716,1090898,1627238
2019/6/4 0:00,712.5,723,707,720.5,1748780,1516656
2019/6/5 0:00,720.5,724.5,712,719.5,1427704,1518526
2019/6/6 0:00,721,721.5,692.5,712.5,2554738,1452290
2019/6/10 0:00,716,729.5,708.5,729.5,1401126,1520032
2019/6/11 0:00,730,760.5,724.5,760.5,2477000,1680990
2019/6/12 0:00,770,778.5,761,764,2474974,1724382
2019/6/13 0:00,763,782,758,781.5,2035030,1822466
2019/6/14 0:00,787,797.5,773,783.5,3050644,1890606
2019/6/17 0:00,776.5,777,764,770,1001542,1836696
2019/6/18 0:00,766.5,787.5,755.5,786,2325366,1806168
2019/6/19 0:00,789.5,813,782.5,806.5,3531560,1868552
2019/6/20 0:00,790,837,786,831,3106532,1945684
2019/6/21 0:00,829,835,805.5,820,2717594,1883998
2019/6/24 0:00,811,821,793.5,813.5,2953570,1757136
2019/6/25 0:00,813,819.5,794.5,798.5,1829450,1659532
2019/6/26 0:00,800,808,779,804,2646276,1609492
2019/6/27 0:00,807,838.5,806,821.5,3016596,1714706
2019/6/28 0:00,825.5,844,823.5,838.5,2351208,1774126
2019/7/1 0:00,838,874.5,834.5,873,2142258,1778972
2019/7/2 0:00,870.5,904.5,869.5,900,2766620,1719956
2019/7/3 0:00,901,911.5,888.5,908.5,2437332,1629540
2019/7/4 0:00,905,905,856,868,3501710,1487426
2019/7/5 0:00,869,875.5,816,829.5,3801970,1425130
2019/7/8 0:00,829,866.5,827,861,2823070,1481840
2019/7/9 0:00,866,899.5,865,880.5,2951682,1425886
2019/7/10 0:00,884.5,886.5,868,881,1929884,1410170
2019/7/11 0:00,880,884,862,866.5,2152458,1381876
2019/7/12 0:00,872,882,866,873,1555906,1402652
2019/7/15 0:00,874.5,898.5,865,895,1849856,1397664
2019/7/16 0:00,902.5,924.5,897,905,2074574,1343660
2019/7/17 0:00,895,907.5,880,899.5,1803770,1319260
2019/7/18 0:00,900,905.5,886,889,798720,1323668
2019/7/19 0:00,882,918,882,916,976120,1341334
2019/7/22 0:00,910.5,911.5,885,885,999934,1238000
2019/7/23 0:00,883,894,874,880,834598,1182138
2019/7/24 0:00,875,877.5,842,860,1545444,1088948
2019/7/25 0:00,858,872,856,871.5,736442,1037234
2019/7/26 0:00,878,892,871,892,869166,1066056
2019/7/29 0:00,890,891.5,880.5,885,537464,988586
2019/7/30 0:00,884,913,882,906,679894,982352
2019/7/31 0:00,769.5,789.5,760,763,1788746,1135220
2019/8/1 0:00,761.5,767.5,747,747.5,1763226,1138568
2019/8/2 0:00,740,743,720.5,724.5,2053918,1157270
2019/8/5 0:00,718,729,689.5,689.5,2603186,1239758
2019/8/6 0:00,691,707,689,693.5,2226448,1161088
2019/8/7 0:00,690,701,658,660.5,2884050,1255936
2019/8/8 0:00,661,673.5,653.5,660.5,2028166,1220632
2019/8/9 0:00,660,666,628,639,2665792,1306564
2019/8/12 0:00,635,643.5,609.5,638.5,3056200,1364660
2019/8/13 0:00,638,643,616,627.5,2904628,1405248
2019/8/14 0:00,631,646,624,631.5,2783798,1349410
2019/8/15 0:00,629,639.5,613.5,618,2889296,1413650
2019/8/16 0:00,620,633.5,612,626.5,2189132,1373746
2019/8/19 0:00,628.5,636.5,607.5,617,2017090,1439842
2019/8/20 0:00,620,622,609,609,1499844,1368118
2019/8/21 0:00,607,609.5,583,589.5,2535328,1602524
2019/8/22 0:00,588.5,605,580,600,2767866,1673760
2019/8/23 0:00,604.5,615.5,593.5,613,2765038,1621078
2019/8/26 0:00,610,618.5,590.5,593.5,2799152,1573282
2019/8/27 0:00,595,603.5,586,586,2323306,1642800
2019/8/28 0:00,582,591,571,588,2616626,1760600
2019/8/29 0:00,588,592.5,577,580,1902718,1685378
2019/8/30 0:00,581,608.5,581,607.5,2801988,1737042
2019/9/2 0:00,607,630,605.5,630,2672198,1587886
2019/9/3 0:00,635,644,630.5,637.5,2242136,1549034
2019/9/4 0:00,635,649,631,644.5,2546732,1601836
2019/9/5 0:00,648,663.5,642.5,647,3069142,1651898
2019/9/6 0:00,647,658,629,629,2638146,1577898
2019/9/9 0:00,634,656,621,655.5,3410626,1565314
2019/9/10 0:00,655,660,643,655.5,2384136,1465548
2019/9/11 0:00,655.5,665,646,661,2853786,1606958
2019/9/12 0:00,664,681,659,680,2379740,1561890
2019/9/16 0:00,688,690,669.5,670.5,1505518,1465742
2019/9/17 0:00,671,676,655.5,665.5,1818584,1553196
2019/9/18 0:00,665.5,680,658,661,2505734,1634620
2019/9/19 0:00,659,663,633.5,637.5,2980436,1641598
2019/9/20 0:00,632,639,624.5,635,2200200,1646250
2019/9/23 0:00,636,649,628,647.5,2494264,1655454
2019/9/24 0:00,647,648.5,621,622.5,2740882,1656546
2019/9/25 0:00,620.5,628.5,619,624.5,1406612,1584800
2019/9/26 0:00,625,642,623.5,637,2832236,1640494
2019/9/27 0:00,635.5,646.5,633,642.5,1838316,1504776
2019/9/30 0:00,642.5,663.5,633,655.5,2052864,1397056
2019/10/8 0:00,655.5,667.5,647.5,657,1183366,1439428
2019/10/9 0:00,657,660,638,638.5,1557808,1566586
2019/10/10 0:00,638.5,659,633.5,657.5,2138066,1725460
2019/10/11 0:00,658,661.5,645,658,1973766,1693160
2019/10/14 0:00,656.5,662.5,637.5,638.5,1936684,1652310
2019/10/15 0:00,639,646,630,644,2072112,1650622
2019/10/16 0:00,642,644,615,617,2315104,1767654
2019/10/17 0:00,614.5,617.5,604,615,2088920,1726216
2019/10/18 0:00,615.5,619.5,598.5,616,2318414,1770210
2019/10/21 0:00,617.5,619.5,604,611.5,2103122,1692094
2019/10/22 0:00,611.5,619,607.5,616,1945898,1697178
2019/10/23 0:00,617,628,615.5,620.5,2101140,1678558
2019/10/24 0:00,622.5,629,616.5,628,1833784,1697878
2019/10/25 0:00,628,635,623,634.5,1628496,1650254
2019/10/28 0:00,635.5,642,626,627,1695386,1653528
2019/10/29 0:00,625.5,627.5,619,622,1485296,1584406
2019/10/30 0:00,620.5,623.5,610.5,622.5,1706812,1620592
2019/10/31 0:00,622,626.5,617.5,620.5,1360010,1562366
2019/11/1 0:00,620,630,614,625.5,1766678,1571710
2019/11/4 0:00,625,626,612.5,615,1562540,1533962
2019/11/5 0:00,614,624.5,610.5,622,1671670,1573306
2019/11/6 0:00,623,629.5,621,621.5,1505554,1544750
2019/11/7 0:00,622,624.5,610.5,611,1617966,1530396
2019/11/8 0:00,612.5,613.5,599.5,600,1518112,1523992
2019/11/11 0:00,598,598,587,591.5,1744726,1605882
2019/11/12 0:00,591.5,611.5,588,607,2165166,1497582
2019/11/13 0:00,607.5,613,603.5,607.5,1336704,1449608
2019/11/14 0:00,608.5,618.5,601.5,618.5,2079144,1511404
2019/11/15 0:00,620.5,633,620.5,628.5,1965914,1456314
2019/11/18 0:00,629.5,638,627,632,1687730,1550402
2019/11/19 0:00,632,636.5,627,630.5,705472,1388634
